timestamp,temp (C),humidity (%),dew point (C),co2 (ppm),voc_raw,voc_index,pm10 (ug/m3),pm25 (ug/m3),pm100 (ug/m3)2026-05-25 19:20:16,24.74,34.36965,7.97,1044,30967,0,1,1,02026-05-25 19:21:19,24.82,34.51653,8.11,1033,30961,0,2,2,0
2026-05-28 01:41:44,26.44,37.74761,10.87,1303,31014,104,1,1,0
2026-05-28 01:42:44,26.37,38.03182,10.92,1307,30995,111,1,1,0
2026-05-28 01:43:44,26.31,38.25116,10.95,1306,31014,101,2,2,0
2026-05-28 01:44:45,26.30,38.29312,10.96,1310,30998,98,0,0,0
2026-05-28 01:45:45,26.26,38.40949,10.97,1316,30988,101,0,0,0
2026-05-28 01:46:45,26.21,38.48958,10.96,1326,30977,102,0,0,0
2026-05-28 01:47:45,26.20,38.56397,10.98,1332,30974,102,0,0,0
2026-05-28 01:48:45,26.20,38.60786,11.00,1335,30970,105,0,0,0
2026-05-28 01:49:45,26.14,38.75663,11.00,1337,30962,106,0,0,0
2026-05-28 01:50:45,26.12,38.85388,11.02,1342,30940,99,2,0,0
2026-05-28 01:51:45,26.12,38.87107,11.03,1345,30988,102,0,0,0
2026-05-28 01:52:46,26.12,38.93782,11.05,1347,30937,108,1,0,0
2026-05-28 01:53:46,26.14,38.92066,11.06,1348,30984,104,0,0,0
2026-05-28 01:54:46,26.12,39.00268,11.08,1352,30936,108,1,0,0
2026-05-28 01:55:46,26.13,39.05226,11.11,1354,30941,112,1,1,0
2026-05-28 01:56:46,26.10,39.79042,11.36,1357,30949,102,1,1,0
2026-05-28 01:57:46,26.03,39.40322,11.15,1350,30968,104,0,0,0
2026-05-28 01:58:46,25.95,38.96834,10.91,1344,30955,107,0,0,0
2026-05-28 01:59:46,25.77,38.66316,10.64,1330,30995,103,1,1,0
2026-05-28 02:00:46,25.62,38.43427,10.41,1319,31010,102,0,0,0
2026-05-28 02:01:46,25.52,38.14436,10.21,1306,31035,108,1,1,1
2026-05-28 02:02:46,25.33,37.90212,9.94,1298,31047,104,0,0,0
2026-05-28 02:03:47,25.17,37.7133,9.73,1294,31059,103,1,0,0
2026-05-28 02:04:47,25.05,37.41574,9.51,1281,31072,105,1,0,0
2026-05-28 02:05:47,24.93,37.30129,9.35,1271,31059,108,0,0,0
2026-05-28 02:06:47,24.86,37.01328,9.17,1264,31069,106,0,0,0
2026-05-28 02:07:48,24.83,36.67948,9.01,1254,31105,106,0,0,0
2026-05-28 02:08:48,24.78,36.5002,8.90,1252,31119,107,0,0,0
2026-05-28 02:09:48,24.66,36.29992,8.70,1244,31155,105,0,0,0
2026-05-28 02:10:48,24.61,35.95088,8.52,1242,31137,106,0,0,0
2026-05-28 02:11:48,24.54,35.88793,8.44,1235,31113,106,0,0,0
2026-05-28 02:12:48,24.46,35.70101,8.28,1232,31139,108,0,0,0
2026-05-28 02:13:48,24.38,35.78682,8.25,1221,31117,110,1,1,0
2026-05-28 02:14:49,24.36,36.29801,8.44,1214,31118,113,0,0,0
2026-05-28 02:15:49,24.40,36.41436,8.53,1216,31103,112,0,0,0
2026-05-28 02:16:49,24.41,36.59366,8.61,1214,31077,111,0,0,0
2026-05-28 02:17:49,24.44,36.81301,8.72,1215,31070,111,0,0,0
2026-05-28 02:18:49,24.51,36.85116,8.80,1215,31145,110,0,0,0
2026-05-28 02:19:49,24.55,36.89884,8.85,1218,31066,112,1,1,0
2026-05-28 02:20:50,24.56,37.03617,8.92,1222,31072,113,0,0,0
2026-05-28 02:21:50,24.57,37.20783,8.99,1223,30992,113,0,0,0
2026-05-28 02:22:50,24.61,37.22692,9.04,1228,31074,111,0,0,0
2026-05-28 02:23:50,24.64,37.32036,9.10,1227,31053,110,1,1,0
2026-05-28 02:24:50,24.65,37.51493,9.19,1230,31044,112,0,0,0
2026-05-28 02:25:50,24.69,37.47869,9.21,1232,31034,111,0,0,0
2026-05-28 02:26:51,24.77,37.49204,9.28,1236,31042,113,0,0,0
2026-05-28 02:27:51,24.73,37.63128,9.30,1236,31019,114,0,0,0
2026-05-28 02:28:51,24.76,37.69231,9.35,1240,30982,113,0,0,0
2026-05-28 02:29:51,24.76,37.83346,9.41,1241,31011,114,1,1,0
2026-05-28 02:30:51,24.71,37.94408,9.41,1247,30976,112,0,0,0
2026-05-28 02:31:51,24.77,37.96888,9.47,1253,31029,111,1,0,0
2026-05-28 02:32:52,24.80,38.08522,9.54,1252,31028,110,0,0,0
2026-05-28 02:33:52,24.77,38.17487,9.55,1251,31022,111,0,0,0
2026-05-28 02:34:52,24.75,38.27596,9.58,1251,31026,110,0,0,0
2026-05-28 02:35:52,24.77,38.29312,9.60,1250,31002,109,2,1,0
2026-05-28 02:36:52,24.82,38.35608,9.66,1253,31004,110,0,0,0
2026-05-28 02:37:52,24.84,38.40758,9.71,1258,31009,109,1,0,0
2026-05-28 02:38:53,24.89,38.41138,9.75,1258,31315,108,0,0,0
2026-05-28 02:39:53,24.90,38.3885,9.75,1264,30983,108,0,0,0
2026-05-28 02:40:53,24.91,38.47625,9.79,1266,30995,107,0,0,0
2026-05-28 02:41:53,24.91,38.55445,9.82,1268,30998,109,0,0,0
2026-05-28 02:42:53,24.90,38.59069,9.83,1270,30980,109,0,0,0
2026-05-28 02:43:53,24.90,38.69178,9.87,1271,30967,109,0,0,0
2026-05-28 02:44:53,24.93,38.71466,9.91,1271,30968,110,0,0,0
2026-05-28 02:45:53,25.05,38.65744,9.99,1269,30964,109,0,0,0
2026-05-28 02:46:54,25.09,38.57734,10.00,1272,30952,109,0,0,0
2026-05-28 02:47:54,25.17,38.53536,10.05,1272,30944,109,0,0,0
2026-05-28 02:48:54,25.18,38.53346,10.06,1279,30963,110,0,0,0
2026-05-28 02:49:54,25.21,38.51056,10.08,1280,30914,109,0,0,0
2026-05-28 02:50:54,25.22,38.55445,10.10,1280,30966,108,0,0,0
2026-05-28 02:51:54,25.25,38.625,10.15,1281,30908,110,0,0,0
2026-05-28 02:52:55,25.28,38.56971,10.16,1283,30964,109,0,0,0
2026-05-28 02:53:55,25.29,38.56397,10.17,1284,30917,113,0,0,0
2026-05-28 02:54:55,25.31,38.61548,10.20,1284,30953,112,0,0,0
2026-05-28 02:55:55,25.29,38.71085,10.23,1284,30943,115,0,0,0
2026-05-28 02:56:56,25.27,38.77188,10.23,1288,30913,115,0,0,0
2026-05-28 02:57:56,25.29,38.77188,10.25,1291,30844,118,0,0,0
2026-05-28 02:58:56,25.32,38.79478,10.28,1291,30924,116,0,0,0
2026-05-28 02:59:56,25.33,38.88824,10.33,1290,30934,123,0,0,0
2026-05-28 03:00:56,25.32,38.85388,10.31,1293,30927,123,0,0,0
2026-05-28 03:01:56,25.32,38.96072,10.34,1292,30974,121,0,0,0
2026-05-28 03:02:57,25.34,38.93401,10.35,1295,30915,122,0,0,0
2026-05-28 03:03:57,25.37,38.9817,10.40,1297,30919,121,0,0,0
2026-05-28 03:04:57,25.36,39.02938,10.41,1297,30912,124,0,0,0
2026-05-28 03:05:57,25.28,39.21439,10.41,1302,30895,133,0,0,0
2026-05-28 03:06:57,25.27,39.33837,10.45,1302,30919,126,0,0,0
2026-05-28 03:07:57,25.28,39.37081,10.47,1304,31274,127,0,0,0
2026-05-28 03:08:57,25.27,39.40512,10.47,1306,30925,126,0,0,0
2026-05-28 03:09:57,25.25,39.46236,10.48,1305,30891,128,0,0,0
2026-05-28 03:10:57,25.25,39.51956,10.50,1308,30908,130,0,0,0
2026-05-28 03:11:57,25.21,39.55772,10.48,1312,30929,130,0,0,0
2026-05-28 03:12:57,25.23,39.66072,10.54,1312,30928,130,0,0,0
2026-05-28 03:13:58,25.20,39.68934,10.52,1314,30920,128,0,0,0
2026-05-28 03:14:58,25.21,39.74654,10.55,1313,30896,129,0,0,0
2026-05-28 03:15:58,25.23,39.74846,10.57,1314,30908,128,0,0,0
2026-05-28 03:16:58,25.22,39.80758,10.59,1313,30895,130,0,0,0
2026-05-28 03:17:58,25.21,39.85909,10.59,1319,30898,135,0,0,0
2026-05-28 03:18:58,25.26,39.8858,10.65,1319,30888,136,0,0,0
2026-05-28 03:19:59,25.23,39.94683,10.65,1324,30881,133,0,0,0
2026-05-28 03:20:59,25.23,40.00977,10.67,1320,30919,134,0,0,0
2026-05-28 03:21:59,25.24,39.96972,10.66,1322,30888,132,0,0,0
2026-05-28 03:22:59,25.26,40.03838,10.71,1324,30882,131,0,0,0
2026-05-28 03:23:59,25.25,40.06127,10.71,1326,30849,131,0,0,0
2026-05-28 03:24:59,25.25,40.0155,10.69,1327,30861,131,0,0,0
2026-05-28 03:26:00,25.27,40.13184,10.75,1330,30895,134,0,0,0
2026-05-28 03:27:00,25.27,40.18524,10.77,1330,30885,138,0,0,0
2026-05-28 03:28:00,25.28,40.13376,10.76,1328,30887,140,0,0,0
2026-05-28 03:29:00,25.28,40.17571,10.77,1328,30880,144,0,0,0
2026-05-28 03:30:00,25.31,40.20623,10.81,1331,30877,147,0,0,0
2026-05-28 03:31:00,25.27,40.28443,10.80,1330,30871,142,0,0,0
2026-05-28 03:32:01,25.31,40.26346,10.83,1330,30861,141,0,0,0
2026-05-28 03:33:01,25.29,40.31304,10.83,1335,30887,140,0,0,0
2026-05-28 03:34:01,25.30,40.31114,10.84,1333,30856,142,0,0,0
2026-05-28 03:35:01,25.30,40.376,10.87,1334,30873,141,0,0,0
2026-05-28 03:36:01,25.27,40.47898,10.88,1335,30892,140,0,0,0
2026-05-28 03:37:01,25.29,40.4542,10.89,1334,30877,142,0,0,0
2026-05-28 03:38:02,25.27,40.5305,10.90,1336,30868,145,0,0,0
2026-05-28 03:39:02,25.29,40.52096,10.91,1340,30877,147,0,0,0
2026-05-28 03:40:02,25.31,40.56101,10.94,1337,30858,144,0,0,0
2026-05-28 03:41:02,25.35,40.54384,10.97,1342,30864,144,0,0,0
2026-05-28 03:42:03,25.36,40.5629,10.99,1344,30819,146,0,0,0
2026-05-28 03:43:03,25.34,40.58962,10.98,1344,30892,147,0,0,0
2026-05-28 03:44:03,25.33,40.66972,11.00,1346,30845,151,0,0,0
2026-05-28 03:45:03,25.34,40.67164,11.01,1346,30853,151,0,0,0
2026-05-28 03:46:03,25.34,40.71169,11.03,1347,30861,151,0,0,0
2026-05-28 03:47:03,25.35,40.75364,11.05,1349,30858,149,0,0,0
2026-05-28 03:48:04,25.29,40.96918,11.07,1351,30787,150,0,0,0
2026-05-28 03:49:04,25.23,41.05692,11.05,1353,30857,152,0,0,0
2026-05-28 03:50:04,25.22,41.19426,11.09,1356,30854,153,0,0,0
2026-05-28 03:51:04,25.21,41.19616,11.08,1356,30862,152,0,0,0
2026-05-28 03:52:04,25.20,41.35256,11.14,1355,30827,151,0,0,0
2026-05-28 03:53:04,25.16,41.34302,11.10,1357,30854,150,0,0,0
2026-05-28 03:54:05,25.20,41.36211,11.14,1357,30831,150,0,0,0
2026-05-28 03:55:05,25.15,41.45176,11.13,1356,30844,150,0,0,0
2026-05-28 03:56:05,25.16,41.52805,11.17,1360,30858,152,0,0,0
2026-05-28 03:57:05,25.17,41.4651,11.15,1359,30791,153,0,0,0
2026-05-28 03:58:05,25.14,42.16702,11.38,1363,30847,152,0,0,0
2026-05-28 03:59:05,25.03,41.74168,11.13,1360,30782,152,0,0,0
2026-05-28 04:00:06,24.95,41.28008,10.88,1358,30883,151,1,1,0
2026-05-28 04:01:06,24.92,40.74793,10.66,1349,30910,138,0,0,0
2026-05-28 04:02:06,24.82,40.35691,10.43,1343,30925,120,0,0,0
2026-05-28 04:03:07,24.68,40.00596,10.18,1334,30940,107,0,0,0
2026-05-28 04:04:07,24.59,39.68743,9.97,1322,30932,101,0,0,0
2026-05-28 04:05:07,24.52,39.29068,9.76,1318,30968,97,0,0,0
2026-05-28 04:06:07,24.47,38.96834,9.59,1313,30990,88,0,0,0
2026-05-28 04:07:07,24.43,38.60974,9.42,1309,30989,87,0,0,0
2026-05-28 04:08:07,24.28,38.29885,9.17,1296,31014,81,0,0,0
2026-05-28 04:09:07,24.19,38.08141,9.00,1288,31023,78,0,0,0
2026-05-28 04:10:07,24.13,37.85825,8.86,1286,31037,72,0,0,0
2026-05-28 04:11:07,24.16,37.42528,8.71,1280,31035,72,0,0,0
2026-05-28 04:12:07,24.11,37.16206,8.57,1272,31014,71,0,0,0
2026-05-28 04:13:07,24.08,36.89884,8.44,1271,31070,67,0,0,0
2026-05-28 04:14:07,24.05,37.11056,8.49,1265,31019,70,0,0,0
2026-05-28 04:15:07,24.09,37.41002,8.65,1255,31038,66,0,0,0
2026-05-28 04:16:07,24.12,37.54544,8.73,1250,31031,72,0,0,0
2026-05-28 04:17:08,24.17,37.58167,8.79,1252,31038,74,0,0,0
2026-05-28 04:18:08,24.24,37.6408,8.88,1256,31003,78,0,0,0
2026-05-28 04:19:09,24.29,37.69612,8.94,1253,31001,79,0,0,0
2026-05-28 04:20:09,24.35,37.75716,9.02,1253,30996,79,0,0,0
2026-05-28 04:21:09,24.40,37.77813,9.07,1256,31017,81,0,0,0
2026-05-28 04:22:09,24.43,37.88686,9.14,1257,30994,82,0,0,0
2026-05-28 04:23:09,24.47,37.92882,9.19,1262,31053,81,0,0,0
2026-05-28 04:24:09,24.47,37.96316,9.21,1268,31012,83,0,0,0
2026-05-28 04:25:09,24.52,38.05471,9.28,1272,30986,85,0,0,0
2026-05-28 04:26:09,24.52,38.2359,9.35,1273,30974,85,0,0,0
2026-05-28 04:27:09,24.52,38.35416,9.41,1275,30962,88,0,0,0
2026-05-28 04:28:09,24.54,38.41901,9.44,1274,30960,92,0,0,0
2026-05-28 04:29:09,24.57,38.46099,9.49,1275,30958,93,0,0,0
2026-05-28 04:30:10,24.56,38.52773,9.51,1280,30946,96,0,0,0
2026-05-28 04:31:10,24.58,38.59449,9.54,1283,30946,104,0,0,0
2026-05-28 04:32:10,24.58,38.69367,9.59,1288,30949,106,0,0,0
2026-05-28 04:33:10,24.62,38.72039,9.63,1286,30953,107,0,0,0
2026-05-28 04:34:11,24.61,38.73944,9.63,1288,30959,108,0,0,0
2026-05-28 04:35:11,24.64,38.80622,9.69,1294,31000,112,0,0,0
2026-05-28 04:36:11,24.66,38.8253,9.71,1296,30912,112,0,0,0
2026-05-28 04:37:11,24.67,38.91112,9.75,1301,30931,111,0,0,0
2026-05-28 04:38:11,24.63,38.95308,9.73,1302,31014,111,0,0,0
2026-05-28 04:39:11,24.67,39.0084,9.79,1301,30935,109,0,0,0
2026-05-28 04:40:11,24.66,39.01412,9.78,1305,30906,112,0,0,0
2026-05-28 04:41:12,24.68,39.0599,9.82,1310,30948,112,0,0,0
2026-05-28 04:42:12,24.71,39.11521,9.86,1314,30940,111,0,0,0
2026-05-28 04:43:12,24.69,39.18578,9.87,1314,30917,111,0,0,0
2026-05-28 04:44:12,24.69,39.20867,9.88,1315,30918,111,0,0,0
2026-05-28 04:45:12,24.74,39.22965,9.93,1316,30920,112,0,0,0
2026-05-28 04:46:12,24.77,39.27926,9.98,1319,30904,113,1,0,0
2026-05-28 04:47:12,24.76,39.3193,9.98,1319,30909,115,0,0,0
2026-05-28 04:48:12,24.78,39.30404,10.00,1318,30942,120,0,0,0
2026-05-28 04:49:12,24.81,39.31166,10.02,1322,30913,119,0,0,0
2026-05-28 04:50:13,24.79,39.43184,10.05,1326,30898,126,0,0,0
2026-05-28 04:51:13,24.81,39.42802,10.07,1327,31293,123,0,0,0
2026-05-28 04:52:13,24.80,39.4509,10.07,1332,30897,122,0,0,0
2026-05-28 04:53:13,24.82,39.51386,10.11,1334,30892,123,0,0,0
2026-05-28 04:54:13,24.83,39.56918,10.15,1338,30900,130,0,0,0
2026-05-28 04:55:13,24.81,39.58823,10.14,1338,30910,129,0,0,0
2026-05-28 04:56:13,24.82,39.60542,10.14,1339,30884,128,0,0,0
2026-05-28 04:57:13,24.84,39.64736,10.18,1341,30883,132,0,0,0
2026-05-28 04:58:14,24.85,39.63973,10.19,1340,30880,129,0,0,0
2026-05-28 04:59:14,24.88,39.66072,10.22,1345,30886,133,0,0,0
2026-05-28 05:00:14,24.86,39.71413,10.22,1345,30894,133,0,0,0
2026-05-28 05:01:14,24.86,39.77516,10.25,1348,30883,132,0,0,0
2026-05-28 05:02:14,24.87,39.76563,10.26,1347,30877,133,0,0,0
2026-05-28 05:03:14,24.86,39.85528,10.28,1349,30854,134,0,0,0
2026-05-28 05:04:15,24.90,39.79995,10.30,1350,30888,135,0,0,0
2026-05-28 05:05:15,24.91,39.79042,10.30,1351,30896,133,0,0,0
2026-05-28 05:06:15,24.93,39.84956,10.33,1351,30883,133,0,0,0
2026-05-28 05:07:15,24.94,39.87435,10.35,1355,30880,133,0,0,0
2026-05-28 05:08:15,24.94,39.92204,10.38,1360,30883,132,0,0,0
2026-05-28 05:09:15,24.94,39.89724,10.37,1359,30886,132,0,0,0
2026-05-28 05:10:15,24.93,39.97926,10.39,1359,30867,141,0,0,0
2026-05-28 05:11:16,24.95,39.96781,10.40,1360,30873,138,0,0,0
2026-05-28 05:12:16,24.93,40.02694,10.41,1362,30865,141,0,0,0
2026-05-28 05:13:16,24.95,40.03075,10.42,1365,30866,142,0,0,0
2026-05-28 05:14:16,24.93,40.16236,10.45,1366,30883,143,0,0,0
2026-05-28 05:15:16,24.94,40.18906,10.47,1367,30822,144,0,0,0
2026-05-28 05:16:16,24.91,40.26536,10.47,1368,30871,142,0,0,0
2026-05-28 05:17:16,24.97,40.29588,10.54,1369,30856,144,0,0,0
2026-05-28 05:18:16,25.01,40.19097,10.53,1375,30841,146,0,0,0
2026-05-28 05:19:17,25.04,40.2501,10.58,1380,30814,144,0,0,0
2026-05-28 05:20:17,25.06,40.16999,10.58,1383,30880,145,0,0,0
2026-05-28 05:21:17,25.10,40.18906,10.61,1383,30872,143,0,0,0
2026-05-28 05:22:17,25.10,40.21576,10.63,1384,30855,150,0,0,0
2026-05-28 05:23:17,25.09,40.21576,10.62,1385,30850,148,0,0,0
2026-05-28 05:24:17,25.08,40.1986,10.60,1388,30846,147,0,0,0
2026-05-28 05:25:18,25.10,40.24438,10.64,1391,30845,151,0,0,0
2026-05-28 05:26:18,25.10,40.29206,10.66,1391,30830,158,0,0,0
2026-05-28 05:27:18,25.07,40.42178,10.68,1391,30841,153,0,0,0
2026-05-28 05:28:18,25.06,40.52666,10.71,1396,30847,156,0,0,0
2026-05-28 05:29:18,25.03,40.5877,10.70,1400,30844,158,0,0,0
2026-05-28 05:30:19,24.99,40.68498,10.70,1403,30836,161,0,0,0
2026-05-28 05:31:19,24.97,40.72886,10.70,1406,30849,157,0,0,0
2026-05-28 05:32:19,24.94,40.81468,10.71,1405,30825,163,0,0,0
2026-05-28 05:33:19,24.94,40.88526,10.73,1406,30862,163,0,0,0
2026-05-28 05:34:19,24.96,40.87954,10.75,1406,30784,170,0,0,0
2026-05-28 05:35:19,24.94,40.88716,10.73,1404,30826,162,0,0,0
2026-05-28 05:36:19,24.94,40.96728,10.76,1407,30820,162,0,0,0
2026-05-28 05:37:19,24.96,40.97872,10.78,1410,30836,162,0,0,0
2026-05-28 05:38:20,24.95,41.04166,10.80,1412,30829,161,0,0,0
2026-05-28 05:39:20,24.96,41.02831,10.80,1413,30824,161,0,0,0
2026-05-28 05:40:20,24.95,41.02068,10.79,1415,30809,161,0,0,0
2026-05-28 05:41:20,24.96,41.0531,10.81,1417,31157,167,0,0,0
2026-05-28 05:42:20,25.00,41.0779,10.85,1419,30817,167,0,0,0
2026-05-28 05:43:20,24.97,41.16946,10.86,1420,30819,167,0,0,0
2026-05-28 05:44:21,24.93,41.2019,10.84,1423,30821,166,0,0,0
2026-05-28 05:45:21,24.91,41.2343,10.84,1426,31069,166,0,0,0
2026-05-28 05:46:21,24.94,41.26293,10.87,1427,30813,166,0,0,0
2026-05-28 05:47:21,24.95,41.26293,10.88,1431,30810,166,0,0,0
2026-05-28 05:48:21,24.93,41.364,10.89,1431,30738,165,0,0,0
2026-05-28 05:49:22,24.95,41.26864,10.88,1434,30821,166,0,0,0
2026-05-28 05:50:22,24.97,41.28199,10.91,1435,30762,166,0,0,0
2026-05-28 05:51:22,24.97,41.39072,10.94,1437,30791,168,0,0,0
2026-05-28 05:52:22,24.94,41.35256,10.91,1438,30814,174,0,0,0
2026-05-28 05:53:22,24.94,41.34112,10.90,1441,30791,172,0,0,0
2026-05-28 05:54:22,24.92,41.49754,10.94,1445,30798,173,0,0,0
2026-05-28 05:55:22,24.96,41.45938,10.96,1446,30812,177,0,0,0
2026-05-28 05:56:22,24.98,41.58336,11.02,1446,30796,174,0,0,0
2026-05-28 05:57:22,24.92,41.66729,11.00,1447,30796,174,0,0,0
2026-05-28 05:58:22,24.93,41.71116,11.02,1450,30807,178,0,0,0
2026-05-28 05:59:22,24.98,41.66918,11.05,1451,30775,183,0,0,0
2026-05-28 06:00:23,24.88,41.76266,11.00,1455,30417,179,0,0,0
2026-05-28 06:01:23,24.87,41.89808,11.04,1457,30780,179,0,0,0
2026-05-28 06:02:23,24.85,41.9038,11.02,1454,30801,178,0,0,0
2026-05-28 06:03:23,24.83,42.03922,11.06,1453,30783,183,0,0,0
2026-05-28 06:04:23,24.84,42.06211,11.07,1455,30798,181,0,0,0
2026-05-28 06:05:23,24.83,42.12314,11.08,1458,30770,182,0,0,0
2026-05-28 06:06:23,24.83,42.14222,11.09,1465,30792,181,0,0,0
2026-05-28 06:07:23,24.85,42.14603,11.11,1468,30767,190,0,0,0
2026-05-28 06:08:24,24.83,42.21851,11.11,1467,30779,185,0,0,0
2026-05-28 06:09:24,24.83,42.20706,11.11,1467,30760,184,0,0,0
2026-05-28 06:10:24,24.83,42.23568,11.12,1473,30694,229,0,0,0
2026-05-28 06:11:24,24.83,42.25284,11.13,1475,30726,221,0,0,0
2026-05-28 06:12:25,24.81,42.373,11.16,1478,30716,210,0,0,0
2026-05-28 06:13:25,24.83,42.32151,11.16,1479,31036,212,0,0,0
2026-05-28 06:14:25,24.86,42.29099,11.17,1480,30727,214,0,0,0
2026-05-28 06:15:25,24.81,42.32532,11.14,1481,30683,216,0,0,0
2026-05-28 06:16:25,24.84,42.36158,11.18,1482,30733,212,0,0,0
2026-05-28 06:17:25,24.88,42.27573,11.18,1484,30698,209,0,0,0
2026-05-28 06:18:25,24.87,42.27192,11.18,1485,30707,211,0,0,0
2026-05-28 06:19:25,24.91,42.21851,11.19,1486,30721,214,0,0,0
2026-05-28 06:20:26,24.91,42.30244,11.22,1486,30712,215,0,0,0
2026-05-28 06:21:26,24.88,42.3196,11.20,1489,30728,215,0,0,0
2026-05-28 06:22:26,24.92,42.27002,11.22,1490,30684,215,0,0,0
2026-05-28 06:23:26,24.93,42.29862,11.24,1491,30728,212,0,0,0
2026-05-28 06:24:26,24.93,42.36158,11.26,1496,30719,211,0,0,0
2026-05-28 06:25:26,24.89,42.4207,11.24,1498,30709,214,0,0,0
2026-05-28 06:26:27,24.90,42.4474,11.26,1497,30715,215,0,0,0
2026-05-28 06:27:27,24.88,42.48745,11.26,1497,30745,213,0,0,0
2026-05-28 06:28:27,24.82,42.58283,11.24,1501,30743,212,0,0,0
2026-05-28 06:29:27,24.82,42.61524,11.25,1503,30727,211,0,0,0
2026-05-28 06:30:27,24.80,42.69536,11.26,1501,30726,213,0,0,0
2026-05-28 06:31:27,24.80,42.76403,11.28,1503,30708,218,0,0,0
2026-05-28 06:32:27,24.76,42.79646,11.26,1504,30710,218,0,0,0
2026-05-28 06:33:27,24.84,42.703,11.30,1505,30716,219,0,0,0
2026-05-28 06:34:28,24.84,42.67628,11.29,1507,30708,217,0,0,0
2026-05-28 06:35:28,24.80,42.77546,11.29,1508,30716,221,0,0,0
2026-05-28 06:36:28,24.84,42.71062,11.30,1506,30679,221,0,0,0
2026-05-28 06:37:28,24.84,42.72968,11.31,1507,30707,219,0,0,0
2026-05-28 06:38:28,24.89,42.64196,11.32,1508,30699,219,0,0,0
2026-05-28 06:39:28,24.86,42.68964,11.31,1508,30570,220,0,0,0
2026-05-28 06:40:29,24.88,42.69916,11.33,1511,30738,219,0,0,0
2026-05-28 06:41:29,24.85,42.79834,11.34,1517,30716,218,0,0,0
2026-05-28 06:42:29,24.82,42.81934,11.32,1516,30731,218,0,0,0
2026-05-28 06:43:29,24.80,42.89754,11.33,1517,30704,219,0,0,0
2026-05-28 06:44:29,24.83,42.92997,11.37,1515,31078,223,0,0,0
2026-05-28 06:45:29,24.80,42.97193,11.36,1521,30693,223,0,0,0
2026-05-28 06:46:30,24.83,42.94332,11.38,1522,30699,222,0,0,0
2026-05-28 06:47:30,24.83,42.91852,11.37,1524,30695,221,0,0,0
2026-05-28 06:48:30,24.84,42.92234,11.38,1524,30734,222,0,0,0
2026-05-28 06:49:30,24.82,42.99482,11.38,1525,30694,221,0,0,0
2026-05-28 06:50:31,24.84,43.0158,11.41,1530,30690,220,0,0,0
2026-05-28 06:51:31,24.83,42.98146,11.38,1533,30704,220,0,0,0
2026-05-28 06:52:31,24.85,42.94522,11.40,1530,30712,219,0,0,0
2026-05-28 06:53:31,24.86,42.95095,11.40,1532,30701,221,0,0,0
2026-05-28 06:54:31,24.87,42.94522,11.41,1531,30676,227,0,0,0
2026-05-28 06:55:31,24.81,43.10163,11.41,1534,30697,226,0,0,0
2026-05-28 06:56:31,24.83,43.10544,11.43,1535,30695,226,0,0,0
2026-05-28 06:57:31,24.91,42.97384,11.46,1538,30691,228,0,0,0
2026-05-28 06:58:31,24.97,42.82124,11.46,1538,30695,229,0,0,0
2026-05-28 06:59:31,24.98,42.92234,11.50,1541,30701,230,0,0,0
2026-05-28 07:00:32,24.90,42.5008,11.28,1540,30706,228,0,0,0
2026-05-28 07:01:32,24.89,41.89236,11.05,1528,30748,219,0,0,0
2026-05-28 07:02:32,24.77,41.48418,10.80,1516,30746,205,0,0,0
2026-05-28 07:03:32,24.68,40.99588,10.54,1506,30774,185,0,0,0
2026-05-28 07:04:32,24.60,40.6602,10.34,1500,30757,174,0,0,0
2026-05-28 07:05:32,24.55,40.25964,10.15,1486,30798,167,0,0,0
2026-05-28 07:06:32,24.45,39.8858,9.92,1469,30803,156,0,0,0
2026-05-28 07:07:32,24.33,39.65119,9.72,1459,30832,146,0,0,0
2026-05-28 07:08:33,24.23,39.29452,9.50,1450,30849,149,0,0,0
2026-05-28 07:09:33,24.15,39.12474,9.36,1443,30849,132,0,0,0
2026-05-28 07:10:33,24.02,39.04464,9.22,1437,30852,132,0,0,0
2026-05-28 07:11:33,23.86,38.69178,8.95,1428,30882,127,0,0,0
2026-05-28 07:12:34,23.83,38.43427,8.81,1419,30914,121,0,0,0
2026-05-28 07:13:34,23.78,38.32746,8.73,1411,30880,116,0,0,0
2026-05-28 07:14:34,23.76,37.94408,8.57,1400,30880,117,0,0,0
2026-05-28 07:15:34,23.70,37.65988,8.40,1395,30892,117,0,0,0
2026-05-28 07:16:34,23.68,37.4348,8.29,1389,30936,107,0,0,0
2026-05-28 07:17:34,23.58,37.36996,8.18,1374,30929,106,0,0,0
2026-05-28 07:18:34,23.53,37.22118,8.08,1371,30899,106,0,0,0
2026-05-28 07:19:34,23.52,37.60648,8.22,1365,30917,106,0,0,0
2026-05-28 07:20:35,23.55,37.75524,8.31,1359,30911,110,0,0,0
2026-05-28 07:21:35,23.58,37.96125,8.41,1355,30897,111,0,0,0
2026-05-28 07:22:35,23.65,38.03564,8.51,1356,30883,117,0,0,0
2026-05-28 07:23:35,23.71,38.15389,8.60,1359,30882,121,0,0,0
2026-05-28 07:24:36,23.76,38.27596,8.69,1363,30868,124,0,0,0
2026-05-28 07:25:36,23.80,38.35608,8.76,1365,30855,126,0,0,0
2026-05-28 07:26:36,23.86,38.46479,8.86,1364,30844,127,0,0,0
2026-05-28 07:27:36,23.89,38.50104,8.90,1368,30847,133,0,0,0
2026-05-28 07:28:36,23.93,38.56971,8.96,1372,30838,136,0,0,0
2026-05-28 07:29:36,23.97,38.63074,9.02,1377,30824,137,0,0,0
2026-05-28 07:30:36,24.01,38.66508,9.07,1380,30837,139,0,0,0
2026-05-28 07:31:36,24.04,38.72419,9.12,1381,30826,139,0,0,0
2026-05-28 07:32:36,24.07,38.76234,9.16,1386,30822,141,0,0,0
2026-05-28 07:33:36,24.09,38.7776,9.19,1390,30822,143,0,0,0
2026-05-28 07:34:36,24.11,38.83483,9.22,1391,30876,147,0,0,0
2026-05-28 07:35:36,24.15,38.90731,9.28,1391,30805,149,0,0,0
2026-05-28 07:36:36,24.18,38.93401,9.32,1392,30807,157,0,0,0
2026-05-28 07:37:36,24.20,38.99123,9.36,1393,30822,155,0,0,0
2026-05-28 07:38:36,24.24,39.0084,9.40,1396,30796,158,0,0,0
2026-05-28 07:39:37,24.22,39.06371,9.41,1401,30792,164,0,0,0
2026-05-28 07:40:37,24.30,39.06371,9.48,1403,30805,165,0,0,0
2026-05-28 07:41:37,24.31,39.15145,9.52,1409,30800,162,0,0,0
2026-05-28 07:42:37,24.31,39.12856,9.51,1408,30794,162,0,0,0
2026-05-28 07:43:38,24.36,39.1877,9.58,1411,30792,166,0,0,0
2026-05-28 07:44:38,24.36,39.20867,9.59,1410,30784,168,0,0,0
2026-05-28 07:45:38,24.41,39.23538,9.64,1411,30759,175,0,0,0
2026-05-28 07:46:38,24.44,39.20867,9.65,1416,30808,169,0,0,0
2026-05-28 07:47:38,24.44,39.26208,9.68,1417,30753,170,0,0,0
2026-05-28 07:48:38,24.41,39.36698,9.69,1419,30762,170,0,0,0
2026-05-28 07:49:38,24.43,39.41658,9.73,1419,30754,169,0,0,0
2026-05-28 07:50:38,24.46,39.45474,9.77,1421,30791,169,0,0,0
2026-05-28 07:51:38,24.49,39.44328,9.79,1424,30775,172,0,0,0
2026-05-28 07:52:38,24.49,39.53482,9.83,1427,30776,173,0,0,0
2026-05-28 07:53:38,24.48,39.51003,9.80,1431,30768,174,0,0,0
2026-05-28 07:54:38,24.50,39.54055,9.83,1432,30774,178,0,0,0
2026-05-28 07:55:38,24.52,39.61875,9.89,1430,30773,176,0,0,0
2026-05-28 07:56:38,24.54,39.62258,9.90,1435,30765,178,0,0,0
2026-05-28 07:57:39,24.56,39.63973,9.93,1439,30753,179,0,0,0
2026-05-28 07:58:39,24.58,39.77516,10.00,1439,30760,181,0,0,0
2026-05-28 07:59:39,24.59,39.79615,10.01,1445,30749,185,0,0,0
2026-05-28 08:00:39,24.63,39.758,10.03,1445,30752,181,0,0,0
2026-05-28 08:01:39,24.64,39.77898,10.05,1450,30712,182,0,0,0
2026-05-28 08:02:40,24.65,39.84764,10.09,1456,30767,182,0,0,0
2026-05-28 08:03:40,24.68,39.80378,10.10,1459,30758,181,0,0,0
2026-05-28 08:04:40,24.71,39.79232,10.12,1458,30723,188,0,0,0
2026-05-28 08:05:40,24.73,39.80758,10.15,1459,30737,186,0,0,0
2026-05-28 08:06:40,24.75,39.85146,10.18,1459,30781,193,0,0,0
2026-05-28 08:07:40,24.73,39.9125,10.19,1461,30761,189,0,0,0
2026-05-28 08:08:41,24.72,39.98307,10.20,1464,30735,191,0,0,0
2026-05-28 08:09:41,24.72,39.964,10.20,1463,30729,192,0,0,0
2026-05-28 08:10:41,24.76,39.99832,10.24,1467,30723,191,0,0,0
2026-05-28 08:11:41,24.77,40.05174,10.27,1471,30745,195,0,0,0
2026-05-28 08:12:41,24.73,40.16236,10.28,1473,30671,199,0,0,0
2026-05-28 08:13:41,24.73,40.15854,10.28,1475,30714,195,0,0,0
2026-05-28 08:14:42,24.77,40.08798,10.28,1478,30716,197,0,0,0
2026-05-28 08:15:42,24.76,40.18144,10.31,1479,30707,198,0,0,0
2026-05-28 08:16:42,24.74,40.3283,10.35,1481,30706,199,0,0,0
2026-05-28 08:17:42,24.62,40.08606,10.15,1474,30696,206,0,0,0
2026-05-28 08:18:43,24.59,39.64166,9.96,1467,30756,200,0,0,0
2026-05-28 08:19:43,24.56,39.21059,9.76,1457,30749,197,1,0,0
2026-05-28 08:20:43,24.43,38.84246,9.51,1446,30737,196,0,0,0
2026-05-28 08:21:43,24.31,38.64982,9.33,1436,30774,183,0,0,0
2026-05-28 08:22:43,24.28,38.30076,9.16,1432,30789,173,0,0,0
2026-05-28 08:23:43,24.15,38.03373,8.95,1423,30783,158,0,0,0
2026-05-28 08:24:43,24.07,37.80294,8.78,1415,30811,156,0,0,0
2026-05-28 08:25:43,23.95,37.54736,8.57,1402,30809,148,0,0,0
2026-05-28 08:26:44,23.90,37.31464,8.44,1401,30822,142,0,0,0
2026-05-28 08:27:44,23.87,37.0457,8.31,1393,30824,139,1,0,0
2026-05-28 08:28:44,23.79,36.86258,8.16,1389,30468,141,0,0,0
2026-05-28 08:29:44,23.74,36.65279,8.04,1377,30848,137,0,0,0
2026-05-28 08:30:44,23.68,36.4754,7.91,1369,30839,131,0,0,0
2026-05-28 08:31:44,23.62,36.34952,7.81,1366,30838,137,0,0,0
2026-05-28 08:32:44,23.60,36.25034,7.75,1365,30470,128,0,0,0
2026-05-28 08:33:45,23.56,36.96941,8.00,1366,30793,138,0,0,0
2026-05-28 08:34:45,23.61,36.99993,8.06,1368,30791,141,0,0,0
2026-05-28 08:35:45,23.62,37.15062,8.13,1372,30809,141,0,0,0
2026-05-28 08:36:45,23.70,37.21356,8.22,1378,30797,144,0,0,0
2026-05-28 08:37:45,23.77,37.2536,8.31,1381,30791,146,0,0,0
2026-05-28 08:38:45,23.80,37.29748,8.35,1386,30800,147,0,0,0
2026-05-28 08:39:45,23.87,37.33944,8.42,1388,30784,149,0,0,0
2026-05-28 08:40:45,23.90,37.44817,8.50,1390,30783,153,0,0,0
2026-05-28 08:41:46,23.93,37.60265,8.58,1396,30763,157,0,0,0
2026-05-28 08:42:46,23.95,37.67706,8.63,1400,30779,164,0,0,0
2026-05-28 08:43:46,23.97,37.77433,8.68,1407,30766,172,0,0,0
2026-05-28 08:44:46,23.97,37.85442,8.72,1408,30751,174,0,0,0
2026-05-28 08:45:46,23.99,37.9498,8.77,1413,30402,204,0,0,0
2026-05-28 08:46:46,24.02,38.08904,8.85,1417,30622,264,0,0,0
2026-05-28 08:47:46,24.09,38.06996,8.90,1423,30633,242,0,0,0
2026-05-28 08:48:47,24.16,38.07378,8.97,1423,30605,246,0,0,0
2026-05-28 08:49:47,24.15,38.2092,9.01,1429,30625,249,0,0,0
2026-05-28 08:50:47,24.17,38.34654,9.09,1440,30602,243,0,0,0
2026-05-28 08:51:47,24.12,38.48388,9.09,1444,31013,245,0,0,0
2026-05-28 08:52:48,24.11,38.69367,9.17,1452,30634,239,0,0,0
2026-05-28 08:53:48,24.13,38.66316,9.17,1454,30999,238,0,0,0
2026-05-28 08:54:48,24.09,38.80622,9.20,1459,30636,239,0,0,0
2026-05-28 08:55:48,24.15,38.92448,9.29,1465,30638,234,0,0,0
2026-05-28 08:56:48,24.24,38.80811,9.32,1465,30654,236,0,0,0
2026-05-28 08:57:48,24.25,38.76426,9.32,1474,30618,242,0,0,0
2026-05-28 08:58:48,24.33,38.79668,9.40,1477,30631,245,0,0,0
2026-05-28 08:59:48,24.34,38.84246,9.43,1479,30626,247,0,0,0
2026-05-28 09:00:48,24.36,38.82337,9.44,1484,30607,240,0,0,0
2026-05-28 09:01:48,24.40,38.85962,9.49,1486,30645,243,0,0,0
2026-05-28 09:02:49,24.44,38.8787,9.53,1487,30623,242,0,0,0
2026-05-28 09:03:49,24.42,38.93592,9.54,1489,30595,245,0,0,0
2026-05-28 09:04:49,24.50,38.90158,9.59,1492,30623,249,0,0,0
2026-05-28 09:05:49,24.52,38.9054,9.62,1496,30614,250,0,0,0
2026-05-28 09:06:49,24.55,38.89968,9.64,1503,30620,247,0,0,0
2026-05-28 09:07:49,24.60,38.9836,9.72,1504,30611,248,0,0,0
2026-05-28 09:08:49,24.69,38.7738,9.71,1519,30577,256,0,0,0
2026-05-28 09:09:49,24.81,38.52202,9.73,1524,30574,267,0,0,0
2026-05-28 09:10:50,24.89,38.56588,9.81,1522,30565,270,0,0,0
2026-05-28 09:11:50,24.99,38.60022,9.92,1542,30559,270,0,0,0
2026-05-28 09:12:50,25.07,38.22256,9.84,1577,30537,276,0,0,0
2026-05-28 09:13:50,25.17,38.0509,9.86,1569,30583,268,0,0,0
2026-05-28 09:14:50,25.23,37.9498,9.88,1544,30575,262,0,0,0
2026-05-28 09:15:50,25.31,37.86968,9.91,1527,30595,259,0,0,0
2026-05-28 09:16:50,25.31,38.4953,10.16,1516,30588,257,0,0,0
2026-05-28 09:17:50,25.37,38.22638,10.11,1521,30583,262,0,0,0
2026-05-28 09:18:51,25.43,38.32174,10.20,1524,30672,263,0,0,0
2026-05-28 09:19:51,25.46,39.24874,10.59,1527,30562,263,0,0,0
2026-05-28 09:20:51,25.48,38.72611,10.40,1525,30592,264,0,0,0
2026-05-28 09:21:51,25.48,38.17868,10.18,1514,30611,261,0,0,0
2026-05-28 09:22:51,25.37,37.77242,9.93,1511,30645,254,0,0,0
2026-05-28 09:23:51,25.30,37.57787,9.79,1497,30632,233,1,0,0
2026-05-28 09:24:51,25.21,37.19448,9.56,1483,30638,219,1,1,0
2026-05-28 09:25:51,25.13,36.79203,9.32,1471,30661,203,0,0,0
2026-05-28 09:26:52,25.01,36.61844,9.14,1456,30725,187,0,0,0
2026-05-28 09:27:52,24.90,36.36478,8.95,1435,30723,182,0,0,0
2026-05-28 09:28:52,24.85,36.08248,8.79,1431,30740,184,0,0,0
2026-05-28 09:29:52,24.79,35.85932,8.64,1412,30776,163,0,0,0
2026-05-28 09:30:52,24.70,35.61518,8.46,1399,30787,163,0,0,0
2026-05-28 09:31:52,24.64,35.38246,8.32,1385,30802,152,0,0,0
2026-05-28 09:32:53,24.57,35.27376,8.20,1370,30798,143,0,0,0
2026-05-28 09:33:54,24.52,35.01054,8.05,1357,30807,137,0,0,0
2026-05-28 09:34:54,24.42,34.86939,7.90,1347,30812,142,0,0,0
2026-05-28 09:35:54,24.40,34.6634,7.80,1332,31186,133,0,0,0
2026-05-28 09:36:55,24.30,34.68247,7.72,1323,30861,129,0,0,0
2026-05-28 09:37:55,24.25,34.50507,7.60,1316,30856,125,0,0,0
2026-05-28 09:38:55,24.23,35.17075,7.86,1305,30800,128,0,0,0
2026-05-28 09:39:55,24.26,35.2585,7.92,1294,30870,130,0,0,0
2026-05-28 09:40:55,24.30,35.31191,7.98,1287,30792,137,0,0,0
2026-05-28 09:41:55,24.33,35.29854,8.00,1286,30770,139,0,0,0
2026-05-28 09:42:55,24.36,35.392,8.07,1288,31091,138,0,0,0
2026-05-28 09:43:55,24.44,35.39584,8.14,1292,30813,139,0,0,0
2026-05-28 09:44:56,24.50,35.31954,8.16,1290,30821,134,0,0,0
2026-05-28 09:45:56,24.55,35.2337,8.17,1293,30774,144,0,0,0
2026-05-28 09:46:56,24.62,35.17648,8.21,1292,30773,147,0,0,0
2026-05-28 09:47:56,24.69,35.18221,8.27,1291,30784,148,0,0,0
2026-05-28 09:48:56,24.73,35.31571,8.36,1293,30787,148,0,0,0
2026-05-28 09:49:56,24.76,35.17838,8.33,1295,30788,148,0,0,0
2026-05-28 09:50:56,24.81,35.30428,8.43,1292,30793,149,0,0,0
2026-05-28 09:51:56,24.85,35.26421,8.45,1289,30785,149,0,0,0
2026-05-28 09:52:57,24.91,35.11734,8.44,1289,30823,148,0,0,0
2026-05-28 09:53:57,24.91,35.19554,8.48,1292,30780,150,0,0,0
2026-05-28 09:54:58,24.96,35.30045,8.56,1290,30749,151,0,0,0
2026-05-28 09:55:58,25.01,35.29473,8.60,1290,30778,151,0,0,0
2026-05-28 09:56:58,25.02,35.20127,8.57,1287,30751,152,0,0,0
2026-05-28 09:57:58,25.03,35.17838,8.57,1286,30819,155,0,0,0
2026-05-28 09:58:58,25.08,35.20318,8.63,1288,30758,156,0,0,0
2026-05-28 09:59:58,25.10,35.1517,8.62,1286,30759,158,0,0,0
2026-05-28 10:00:58,25.16,35.104,8.66,1283,30773,164,0,0,0
2026-05-28 10:01:59,25.19,35.05631,8.66,1284,31141,167,0,0,0
2026-05-28 10:02:59,25.21,35.03533,8.67,1285,30763,167,0,0,0
2026-05-28 10:03:59,25.22,35.06584,8.69,1285,30752,167,0,0,0
2026-05-28 10:04:59,25.25,35.07538,8.72,1284,30756,168,0,0,0
2026-05-28 10:05:59,25.28,35.10018,8.76,1288,30751,170,0,0,0
2026-05-28 10:06:59,25.29,35.12116,8.78,1285,30784,169,0,0,0
2026-05-28 10:07:59,25.34,35.10208,8.81,1285,30749,171,1,1,0
2026-05-28 10:08:59,25.34,35.03152,8.78,1285,30749,175,0,0,0
2026-05-28 10:09:59,25.39,35.04105,8.83,1281,31127,174,0,0,0
2026-05-28 10:10:59,25.40,35.19554,8.90,1284,30738,176,0,0,0
2026-05-28 10:12:00,25.43,35.30428,8.98,1278,30763,176,0,0,0
2026-05-28 10:13:00,25.45,35.43778,9.05,1280,30746,176,0,0,0
2026-05-28 10:14:00,25.46,35.5198,9.09,1276,30725,176,0,0,0
2026-05-28 10:15:00,25.48,35.66286,9.17,1272,30724,175,1,0,0
2026-05-28 10:16:00,25.50,35.71627,9.21,1272,30731,176,0,0,0
2026-05-28 10:17:00,25.52,35.81734,9.27,1271,30740,178,0,0,0
2026-05-28 10:18:00,25.54,35.86886,9.31,1269,30761,178,0,0,0
2026-05-28 10:19:00,25.56,35.90891,9.34,1262,30741,179,0,0,0
2026-05-28 10:20:01,25.54,35.91082,9.33,1266,30734,178,0,0,0
2026-05-28 10:21:01,25.58,35.92417,9.36,1257,30739,180,0,0,0
2026-05-28 10:22:01,25.58,35.91844,9.37,1258,30735,180,0,0,0
2026-05-28 10:23:01,25.61,36.53643,9.64,1255,30735,179,0,0,0
2026-05-28 10:24:01,25.60,36.20646,9.50,1249,30741,179,0,0,0
2026-05-28 10:25:01,25.54,35.81354,9.28,1240,30760,173,0,0,0
2026-05-28 10:26:01,25.47,35.59992,9.13,1228,30783,165,0,0,0
2026-05-28 10:27:01,25.37,35.3138,8.92,1220,30806,145,0,0,0
2026-05-28 10:28:01,25.28,35.06966,8.74,1206,30850,135,0,0,0
2026-05-28 10:29:01,25.15,34.898,8.55,1197,30804,129,0,0,0
2026-05-28 10:30:01,25.01,34.73206,8.37,1190,30872,118,0,0,0
2026-05-28 10:31:02,24.95,34.57184,8.24,1181,30853,123,0,0,0
2026-05-28 10:32:02,24.87,34.49935,8.14,1175,30882,108,0,0,0
2026-05-28 10:33:02,24.79,34.28956,7.98,1166,30906,104,0,0,0
2026-05-28 10:34:02,24.65,34.26474,7.85,1155,30929,100,0,0,0
2026-05-28 10:35:02,24.57,34.10262,7.71,1145,30913,97,0,0,0
2026-05-28 10:36:02,24.51,33.99962,7.61,1137,30924,93,0,0,0
2026-05-28 10:37:02,24.40,33.89662,7.47,1131,30929,89,0,0,0
2026-05-28 10:38:03,24.36,33.8394,7.41,1120,30952,80,0,0,0
2026-05-28 10:39:03,24.31,33.68108,7.30,1114,30960,80,0,0,0
2026-05-28 10:40:03,24.24,33.85848,7.31,1106,30952,81,0,0,0
2026-05-28 10:41:03,24.25,34.46312,7.58,1102,30925,84,0,0,0
2026-05-28 10:42:03,24.29,34.41926,7.59,1101,30897,89,0,0,0
2026-05-28 10:43:03,24.30,34.38491,7.59,1100,30888,95,0,0,0
2026-05-28 10:44:03,24.34,34.43832,7.65,1100,30908,93,0,0,0
2026-05-28 10:45:03,24.36,34.45166,7.68,1096,30952,92,0,0,0
2026-05-28 10:46:03,24.46,34.44404,7.76,1095,30924,95,0,0,0
2026-05-28 10:47:03,24.48,34.47646,7.79,1095,30880,96,0,0,0
2026-05-28 10:48:03,24.57,34.41926,7.84,1097,30928,96,0,0,0
2026-05-28 10:49:03,24.64,34.36965,7.89,1098,30890,98,0,0,0
2026-05-28 10:50:04,24.65,34.41542,7.91,1097,30626,99,0,0,0
2026-05-28 10:51:04,24.73,34.65003,8.08,1097,30898,100,0,0,0
2026-05-28 10:52:04,24.77,34.68247,8.13,1096,30894,100,0,0,0
2026-05-28 10:53:04,24.82,34.77593,8.21,1091,30878,103,0,0,0
2026-05-28 10:54:05,24.85,34.74158,8.23,1091,30880,103,0,0,0
2026-05-28 10:55:05,24.88,34.65958,8.22,1090,30886,104,0,0,0
2026-05-28 10:56:05,24.91,34.50507,8.18,1089,30873,106,0,0,0
2026-05-28 10:57:05,24.96,34.39254,8.17,1089,30874,106,0,0,0
2026-05-28 10:58:05,24.98,34.16175,8.09,1090,30904,108,0,0,0
2026-05-28 10:59:05,25.02,34.17892,8.14,1094,30866,110,0,0,0
2026-05-28 11:00:05,25.03,34.1503,8.13,1097,30908,111,0,0,0
2026-05-28 11:01:05,25.09,34.09499,8.16,1098,30836,112,1,0,0
2026-05-28 11:02:06,25.11,34.10072,8.18,1097,30861,116,1,0,0
2026-05-28 11:03:06,25.16,34.20371,8.27,1097,30542,116,0,0,0
2026-05-28 11:04:06,25.19,34.52224,8.43,1096,30862,122,0,0,0
2026-05-28 11:05:06,25.21,34.30862,8.36,1094,30858,120,0,0,0
2026-05-28 11:06:07,25.23,34.34296,8.39,1093,30868,125,0,0,0
2026-05-28 11:07:07,25.28,34.36585,8.45,1093,30843,124,0,0,0
2026-05-28 11:08:07,25.29,34.48602,8.51,1094,30850,124,0,0,0
2026-05-28 11:09:07,25.34,34.49172,8.56,1090,30847,124,0,0,0
2026-05-28 11:10:08,25.37,34.56802,8.61,1087,30803,124,0,0,0
2026-05-28 11:11:08,25.39,34.73778,8.70,1086,30846,126,0,0,0
2026-05-28 11:12:08,25.42,34.89418,8.79,1084,30849,125,0,0,0
2026-05-28 11:13:08,25.43,34.94378,8.83,1081,30847,127,0,0,0
2026-05-28 11:14:08,25.46,34.97811,8.87,1080,30835,126,0,0,0
2026-05-28 11:15:08,25.51,35.02388,8.93,1078,30791,126,0,0,0
2026-05-28 11:16:08,25.53,35.0544,8.96,1075,30843,125,0,0,0
2026-05-28 11:17:08,25.54,34.97811,8.93,1076,30863,125,1,0,0
2026-05-28 11:18:08,25.53,35.06776,8.97,1072,30822,124,0,0,0
2026-05-28 11:19:08,25.61,35.12498,9.06,1072,30844,125,0,0,0
2026-05-28 11:20:08,25.62,35.29282,9.14,1072,30838,129,0,0,0
2026-05-28 11:21:08,25.62,35.31954,9.15,1073,30827,128,0,0,0
2026-05-28 11:22:08,25.65,35.3138,9.17,1071,30833,127,0,0,0
2026-05-28 11:23:08,25.68,35.34243,9.21,1071,30828,131,0,0,0
2026-05-28 11:24:08,25.69,35.37102,9.23,1070,30838,129,0,0,0
2026-05-28 11:25:08,25.70,35.43208,9.27,1071,30819,130,0,0,0
2026-05-28 11:26:08,25.70,35.47976,9.29,1070,30853,132,0,0,0
2026-05-28 11:27:09,25.70,35.61135,9.35,1068,30960,133,0,0,0
2026-05-28 11:28:09,25.75,36.07104,9.58,1064,30817,134,0,0,0
2026-05-28 11:29:10,25.72,35.72579,9.40,1054,30854,132,0,0,0
2026-05-28 11:30:10,25.66,35.39964,9.22,1046,30871,130,0,0,0
2026-05-28 11:31:10,25.59,35.11162,9.03,1039,30892,122,0,0,0
2026-05-28 11:32:10,25.46,34.81217,8.80,1030,30929,109,0,0,0
2026-05-28 11:33:10,25.36,34.7168,8.67,1020,30862,97,0,0,0
2026-05-28 11:34:10,25.25,34.61572,8.53,1015,30900,92,0,0,0
2026-05-28 11:35:10,25.16,34.48218,8.39,1007,30977,88,0,0,0
2026-05-28 11:36:10,25.06,34.26474,8.21,997,30997,83,0,0,0
2026-05-28 11:37:11,24.93,34.21516,8.07,994,30989,75,0,0,0
2026-05-28 11:38:11,24.87,34.10453,7.97,990,30996,71,0,0,0
2026-05-28 11:39:11,24.77,33.96529,7.82,982,30985,72,0,0,0
2026-05-28 11:40:11,24.71,33.8394,7.72,973,31026,67,0,0,0
2026-05-28 11:41:12,24.65,33.74212,7.62,966,31013,69,0,0,0
2026-05-28 11:42:12,24.57,33.69064,7.53,961,31052,62,1,0,0
2026-05-28 11:43:12,24.51,33.5018,7.40,952,31040,61,0,0,0
2026-05-28 11:44:12,24.46,33.40833,7.31,951,31043,57,0,0,0
2026-05-28 11:45:13,24.42,33.33966,7.24,945,31018,53,0,0,0
2026-05-28 11:46:13,24.35,33.7593,7.36,942,31044,56,1,0,0
2026-05-28 11:47:13,24.36,34.11025,7.52,939,31069,59,0,0,0
2026-05-28 11:48:13,24.42,34.02632,7.54,937,30972,62,0,0,0
2026-05-28 11:49:13,24.42,34.02252,7.54,938,31092,64,1,0,0
2026-05-28 11:50:13,24.50,33.99772,7.60,939,31059,64,0,0,0
2026-05-28 11:51:13,24.53,34.03014,7.64,938,31007,64,0,0,0
2026-05-28 11:52:13,24.62,34.06066,7.73,935,31005,67,0,0,0
2026-05-28 11:53:13,24.72,33.95957,7.78,933,31018,68,0,0,0
2026-05-28 11:54:13,24.78,34.04922,7.87,934,30986,68,0,0,0
2026-05-28 11:55:13,24.84,33.90807,7.86,935,30966,69,0,0,0
2026-05-28 11:56:14,24.89,33.91952,7.91,935,30970,69,0,0,0
2026-05-28 11:57:14,24.94,33.80889,7.91,934,30997,71,0,0,0
2026-05-28 11:58:14,25.02,33.7097,7.93,934,30983,71,0,0,0
2026-05-28 11:59:14,25.05,33.75358,7.97,936,30972,72,0,0,0
2026-05-28 12:00:14,25.12,33.75167,8.04,939,30975,72,0,0,0
2026-05-28 12:01:14,25.13,33.72306,8.04,939,30971,72,0,0,0
2026-05-28 12:02:14,25.17,33.72496,8.07,938,30960,73,0,0,0
2026-05-28 12:03:14,25.22,33.59716,8.06,940,30958,75,0,0,0
2026-05-28 12:04:15,25.26,33.58,8.09,941,30988,75,0,0,0
2026-05-28 12:05:15,25.29,33.69634,8.16,942,31000,76,0,0,0
2026-05-28 12:06:15,25.29,33.7078,8.17,940,30942,77,0,0,0
2026-05-28 12:07:15,25.30,33.89472,8.26,939,30938,85,1,0,0
2026-05-28 12:08:16,25.37,33.95385,8.34,939,30940,85,0,0,0
2026-05-28 12:09:16,25.39,33.9424,8.36,937,30931,85,0,0,0
2026-05-28 12:10:16,25.42,34.08354,8.44,934,30960,85,0,0,0
2026-05-28 12:11:16,25.43,34.01298,8.43,932,30950,85,0,0,0
2026-05-28 12:12:17,25.46,34.11788,8.50,930,30950,86,0,0,0
2026-05-28 12:13:17,25.49,34.18464,8.55,929,30956,87,0,0,0
2026-05-28 12:14:17,25.52,34.31244,8.63,928,30925,91,0,0,0
2026-05-28 12:15:17,25.56,34.38111,8.70,927,30919,91,0,0,0
2026-05-28 12:16:17,25.58,34.43832,8.74,926,30946,90,0,0,0
2026-05-28 12:17:17,25.61,34.53559,8.81,925,30940,92,0,0,0
2026-05-28 12:18:17,25.64,34.66529,8.89,922,30942,95,1,0,0
2026-05-28 12:19:17,25.65,34.7664,8.94,920,30954,94,0,0,0
2026-05-28 12:20:18,25.69,34.68055,8.94,917,30587,95,0,0,0
2026-05-28 12:21:18,25.70,34.82362,9.01,918,30938,95,0,0,0
2026-05-28 12:22:18,25.70,35.65712,9.36,916,30918,98,0,0,0
2026-05-28 12:23:18,25.69,35.2852,9.20,913,30928,97,0,0,0
2026-05-28 12:24:19,25.62,34.98002,9.01,909,30972,95,0,0,0
2026-05-28 12:25:19,25.59,34.64814,8.84,902,30914,94,0,0,0
2026-05-28 12:26:19,25.45,34.63477,8.71,898,30989,90,0,0,0
2026-05-28 12:27:19,25.41,34.36202,8.56,892,31007,83,0,0,0
2026-05-28 12:28:19,25.31,34.20371,8.40,889,31013,74,0,0,0
2026-05-28 12:29:19,25.24,34.05494,8.27,882,31038,69,0,0,0
2026-05-28 12:30:20,25.17,33.99962,8.19,877,31044,62,0,0,0
2026-05-28 12:31:20,25.07,33.8909,8.06,870,31063,59,0,0,0
2026-05-28 12:32:20,25.01,33.77646,7.95,866,31055,58,0,0,0
2026-05-28 12:33:20,24.91,33.63723,7.81,859,31086,53,0,0,0
2026-05-28 12:34:20,24.87,33.58953,7.75,857,31112,52,1,1,0
2026-05-28 12:35:20,24.82,33.45603,7.65,851,31136,52,0,0,0
2026-05-28 12:36:21,24.73,33.41216,7.55,846,31080,50,0,0,0
2026-05-28 12:37:21,24.69,33.3988,7.51,840,31119,47,1,1,0
2026-05-28 12:38:21,24.64,33.22142,7.39,840,31121,47,0,0,0
2026-05-28 12:39:21,24.60,33.21569,7.35,836,31128,43,0,0,0
2026-05-28 12:40:22,24.56,33.09362,7.26,831,31147,43,0,0,0
2026-05-28 12:41:22,24.50,33.03068,7.18,823,31121,42,0,0,0
2026-05-28 12:42:22,24.50,32.91052,7.13,822,31157,39,0,0,0
2026-05-28 12:43:22,24.47,32.92768,7.11,818,31149,41,0,0,0
2026-05-28 12:44:22,24.46,33.6544,7.42,813,31124,43,0,0,0
2026-05-28 12:45:22,24.48,33.40642,7.33,810,31122,42,0,0,0
2026-05-28 12:46:23,24.55,33.37018,7.37,811,31117,45,1,1,0
2026-05-28 12:47:23,24.59,33.41216,7.42,807,31432,45,0,0,0
2026-05-28 12:48:23,24.64,33.51134,7.51,806,31102,46,0,0,0
2026-05-28 12:49:23,24.70,33.47892,7.55,806,31083,47,0,0,0
2026-05-28 12:50:23,24.80,33.40262,7.61,809,31089,47,0,0,0
2026-05-28 12:51:23,24.89,33.32824,7.65,811,31077,48,0,0,0
2026-05-28 12:52:23,24.95,33.43885,7.75,810,31081,49,0,0,0
2026-05-28 12:53:23,25.01,33.37782,7.78,808,31110,49,0,0,0
2026-05-28 12:54:23,25.05,33.2195,7.74,810,31074,50,0,0,0
2026-05-28 12:55:23,25.14,33.1928,7.81,808,31064,51,0,0,0
2026-05-28 12:56:23,25.18,33.12988,7.82,807,31047,52,0,0,0
2026-05-28 12:57:23,25.24,33.09171,7.86,809,31055,53,0,0,0
2026-05-28 12:58:23,25.28,33.15847,7.92,808,31073,55,0,0,0
2026-05-28 12:59:24,25.35,33.15276,7.98,808,31044,57,0,0,0
2026-05-28 13:00:24,25.38,33.19471,8.02,810,31038,59,1,0,0
2026-05-28 13:01:24,25.46,33.09362,8.05,810,31051,60,0,0,0
2026-05-28 13:02:24,25.49,33.1165,8.08,809,31051,61,0,0,0
2026-05-28 13:03:25,25.54,33.09744,8.12,811,31069,61,0,0,0
2026-05-28 13:04:25,25.58,33.13368,8.17,810,31029,63,0,0,0
2026-05-28 13:05:25,25.63,33.16991,8.23,810,31038,65,0,0,0
2026-05-28 13:06:25,25.70,33.2672,8.33,808,30999,65,0,0,0
2026-05-28 13:07:25,25.74,33.33586,8.40,807,31013,67,0,0,0
2026-05-28 13:08:25,25.79,33.29961,8.43,805,31038,69,0,0,0
2026-05-28 13:09:25,25.82,33.6353,8.60,806,30968,68,0,0,0
2026-05-28 13:10:25,25.85,33.64676,8.63,802,31026,68,0,0,0
2026-05-28 13:11:26,25.88,33.80889,8.73,804,31015,68,0,0,0
2026-05-28 13:12:26,25.93,33.68871,8.72,801,31049,71,0,0,0
2026-05-28 13:13:26,25.94,34.72824,9.18,800,30955,80,0,0,0
2026-05-28 13:14:26,25.96,34.46312,9.08,800,31006,77,0,0,0
2026-05-28 13:15:27,25.89,34.29145,8.95,797,31023,75,0,0,0
2026-05-28 13:16:27,25.87,34.08546,8.84,792,31043,74,0,0,0
2026-05-28 13:17:27,25.79,33.93286,8.70,786,31016,73,0,0,0
2026-05-28 13:18:27,25.69,33.70397,8.52,781,31080,69,0,0,0
2026-05-28 13:19:28,25.64,33.59526,8.42,779,31086,65,0,0,0
2026-05-28 13:20:28,25.55,33.50944,8.31,774,31095,60,0,0,0
2026-05-28 13:21:28,25.46,33.41216,8.19,769,31361,55,0,0,0
2026-05-28 13:22:28,25.38,33.33966,8.09,764,31109,52,0,0,0
2026-05-28 13:23:28,25.32,33.17182,7.96,759,31127,50,0,0,0
2026-05-28 13:24:28,25.25,33.10697,7.87,757,31104,47,0,0,0
2026-05-28 13:25:28,25.15,33.00779,7.74,753,31145,43,0,0,0
2026-05-28 13:26:28,25.07,32.97155,7.65,752,31149,42,0,0,0
2026-05-28 13:27:29,24.99,32.93912,7.57,745,31168,41,0,0,0
2026-05-28 13:28:29,24.97,32.81324,7.49,742,31169,41,0,0,0
2026-05-28 13:29:29,24.95,32.76937,7.45,741,31175,39,1,1,0
2026-05-28 13:30:29,24.88,32.69117,7.36,737,31179,38,0,0,0
2026-05-28 13:31:30,24.82,32.66446,7.30,733,31185,38,1,1,0
2026-05-28 13:32:30,24.80,32.55766,7.23,729,31189,37,0,0,0
2026-05-28 13:33:30,24.76,32.50425,7.17,727,31197,36,0,0,0
2026-05-28 13:34:30,24.73,32.4413,7.12,722,31224,34,0,0,0
2026-05-28 13:35:30,24.66,32.38598,7.03,718,31213,32,0,0,0
2026-05-28 13:36:30,24.66,32.27536,6.98,716,31215,33,0,0,0
2026-05-28 13:37:31,24.64,32.21622,6.94,713,31214,32,0,0,0
2026-05-28 13:38:31,24.58,32.55574,7.04,709,31272,31,1,1,1
2026-05-28 13:39:31,24.59,32.81514,7.17,706,31144,32,0,0,0
2026-05-28 13:40:31,24.64,32.70642,7.16,707,31176,33,0,0,0
2026-05-28 13:41:31,24.71,32.68354,7.21,704,31174,34,0,0,0
2026-05-28 13:42:31,24.80,32.74076,7.31,706,31210,34,0,0,0
2026-05-28 13:43:32,24.86,32.7789,7.38,706,31182,35,0,0,0
2026-05-28 13:44:32,24.91,32.74648,7.41,706,31151,35,0,0,0
2026-05-28 13:45:32,25.01,32.65302,7.45,706,31170,36,0,0,0
2026-05-28 13:46:32,25.10,32.8819,7.64,709,31148,36,0,0,0
2026-05-28 13:47:33,25.20,32.5462,7.57,707,31161,37,0,0,0
2026-05-28 13:48:33,25.25,32.40506,7.56,705,31156,38,0,0,0
2026-05-28 13:49:33,25.31,32.35355,7.58,705,31144,39,0,0,0
2026-05-28 13:50:33,25.37,32.3383,7.62,704,31118,40,0,0,0
2026-05-28 13:51:33,25.46,32.37262,7.72,705,31137,43,0,0,0
2026-05-28 13:52:33,25.50,32.35736,7.75,706,31116,44,1,0,0
2026-05-28 13:53:33,25.56,32.33066,7.79,707,31115,45,0,0,0
2026-05-28 13:54:34,25.64,32.33448,7.86,709,31105,49,0,0,0
2026-05-28 13:55:34,25.70,32.29633,7.90,710,31138,49,0,0,0
2026-05-28 13:56:34,25.74,32.30396,7.93,708,31083,49,0,0,0
2026-05-28 13:57:34,25.82,32.40316,8.05,711,31109,49,0,0,0
2026-05-28 13:58:34,25.87,32.5176,8.15,710,31095,50,0,0,0
2026-05-28 13:59:35,25.93,32.60532,8.23,710,31092,50,0,0,0
2026-05-28 14:00:35,25.95,32.64347,8.27,708,31109,51,0,0,0
2026-05-28 14:01:35,26.01,32.6721,8.33,709,31086,52,0,0,0
2026-05-28 14:02:35,26.05,32.83612,8.45,707,31060,53,0,0,0
2026-05-28 14:03:36,26.09,32.72739,8.43,706,31046,54,0,0,0
2026-05-28 14:04:36,26.12,32.76364,8.48,705,31080,56,0,0,0
2026-05-28 14:05:36,26.11,34.0187,9.02,707,31041,58,0,0,0
2026-05-28 14:06:36,26.16,33.71923,8.94,706,31053,59,0,0,0
2026-05-28 14:07:36,26.13,33.59906,8.85,703,31080,61,0,0,0
2026-05-28 14:08:36,26.07,33.44457,8.74,703,31103,60,0,0,0
2026-05-28 14:09:36,25.96,33.2958,8.57,699,31119,59,0,0,0
2026-05-28 14:10:36,25.87,33.17945,8.44,698,31088,59,0,0,0
2026-05-28 14:11:36,25.79,33.09934,8.34,691,31136,57,0,0,0
2026-05-28 14:12:37,25.66,32.98108,8.17,687,31115,55,0,0,0
2026-05-28 14:13:37,25.57,32.93531,8.07,686,31120,52,1,1,0
2026-05-28 14:14:37,25.49,32.84946,7.97,685,31176,50,0,0,0
2026-05-28 14:15:37,25.33,32.87046,7.83,680,31202,46,0,0,0
2026-05-28 14:16:37,25.28,32.80942,7.76,677,31204,45,0,0,0
2026-05-28 14:17:37,25.23,32.65493,7.65,676,31148,42,0,0,0
2026-05-28 14:18:37,25.16,32.66065,7.59,670,31224,40,1,0,0
2026-05-28 14:19:37,25.09,32.53476,7.48,669,31211,36,1,1,0
2026-05-28 14:20:37,25.01,32.50804,7.39,667,31221,35,0,0,0
2026-05-28 14:21:37,24.96,32.43368,7.31,664,31234,34,1,0,0
2026-05-28 14:22:38,24.85,32.3879,7.20,662,31232,34,0,0,0
2026-05-28 14:23:38,24.81,32.37455,7.15,662,31226,32,0,0,0
2026-05-28 14:24:38,24.80,32.283,7.10,661,31236,31,2,1,0
2026-05-28 14:25:38,24.72,32.23148,7.01,658,31242,31,0,0,0
2026-05-28 14:26:38,24.71,32.17426,6.98,657,31215,31,2,1,0
2026-05-28 14:27:38,24.74,32.04838,6.95,652,30757,30,1,1,0
2026-05-28 14:28:38,24.72,31.98543,6.90,649,31304,29,0,0,0
2026-05-28 14:29:39,24.66,31.94538,6.83,649,31260,29,0,0,0
2026-05-28 14:30:39,24.62,31.87099,6.76,649,31266,29,2,2,0
2026-05-28 14:31:39,24.59,32.10941,6.85,648,31264,28,2,2,0
2026-05-28 14:32:39,24.58,32.262,6.91,647,31191,29,1,1,0
2026-05-28 14:33:39,24.64,32.36309,7.00,647,31252,29,0,0,0
2026-05-28 14:34:39,24.68,32.38027,7.05,646,31223,30,1,0,0
2026-05-28 14:35:39,24.79,32.36692,7.13,647,31226,30,1,1,0
2026-05-28 14:36:39,24.91,32.35166,7.23,648,31206,31,0,0,0
2026-05-28 14:37:39,24.98,32.28108,7.26,647,31190,33,0,0,0
2026-05-28 14:38:39,25.05,32.22385,7.30,647,31150,33,2,2,0
2026-05-28 14:39:39,25.14,32.14374,7.34,647,31177,34,1,1,0
2026-05-28 14:40:39,25.24,32.13612,7.42,648,31189,35,2,2,0
2026-05-28 14:41:40,25.26,32.13993,7.45,648,31135,37,2,2,1
2026-05-28 14:42:40,25.35,31.94157,7.43,648,31168,39,2,2,1
2026-05-28 14:43:40,25.44,31.94728,7.51,646,31144,40,1,1,1
2026-05-28 14:44:40,25.49,31.94157,7.55,647,31081,40,1,1,0
2026-05-28 14:45:40,25.54,31.953008,7.60,648,31145,40,1,1,0
2026-05-28 14:46:40,25.61,31.85573,7.61,649,31129,42,1,1,0
2026-05-28 14:47:40,25.66,31.82521,7.65,647,31550,46,1,0,0
2026-05-28 14:48:40,25.75,31.823308,7.72,648,31144,47,1,1,0
2026-05-28 14:49:40,25.82,31.91486,7.82,650,31163,47,0,0,0
2026-05-28 14:50:40,25.84,32.08462,7.93,650,31128,47,1,0,0
2026-05-28 14:51:40,25.89,32.04647,7.95,650,31150,48,2,2,0
2026-05-28 14:52:41,25.96,31.99878,7.99,647,31129,49,1,1,0
2026-05-28 14:53:41,26.01,32.19524,8.12,646,31127,49,1,1,0
2026-05-28 14:54:41,26.03,32.15138,8.12,646,31118,50,1,1,0
2026-05-28 14:55:41,26.11,32.4451,8.33,648,31117,50,4,2,0
2026-05-28 14:56:41,26.14,32.2887,8.28,647,31117,52,0,0,0
2026-05-28 14:57:41,26.21,32.36118,8.38,648,31103,52,1,1,0
2026-05-28 14:58:41,26.24,33.63723,8.97,646,31113,54,0,0,0
2026-05-28 14:59:41,26.24,33.40833,8.87,646,31105,58,1,1,0
2026-05-28 15:00:42,26.22,33.12032,8.73,643,31123,58,1,1,0
2026-05-28 15:01:42,26.19,32.9868,8.64,642,31100,57,0,0,0
2026-05-28 15:02:42,26.10,32.83804,8.49,637,31150,56,0,0,0
2026-05-28 15:03:42,26.05,32.66636,8.37,635,31168,55,0,0,0
2026-05-28 15:04:43,25.97,32.53666,8.24,635,31167,55,2,2,0
2026-05-28 15:05:43,25.91,32.40124,8.13,633,31192,54,0,0,0
2026-05-28 15:06:43,25.82,32.37072,8.03,631,31185,52,2,2,0
2026-05-28 15:07:43,25.85,32.19715,7.98,626,31204,50,1,1,0
2026-05-28 15:08:43,25.77,32.13612,7.88,623,31206,47,1,1,0
2026-05-28 15:09:43,25.73,32.08843,7.83,619,31215,45,1,1,0
2026-05-28 15:10:43,25.69,31.92249,7.72,621,31217,44,1,1,0
2026-05-28 15:11:43,25.64,31.83284,7.63,618,31211,43,0,0,0
2026-05-28 15:12:44,25.61,31.81568,7.60,618,31222,41,1,1,0
2026-05-28 15:13:44,25.57,31.75655,7.53,615,31219,40,2,2,0
2026-05-28 15:14:44,25.54,31.68408,7.48,614,31239,38,1,1,0
2026-05-28 15:15:44,25.47,31.62494,7.39,611,31258,37,2,0,0
2026-05-28 15:16:45,25.48,31.52767,7.35,608,31225,35,3,3,0
2026-05-28 15:17:45,25.42,31.508584,7.29,607,31209,35,0,0,0
2026-05-28 15:18:45,25.40,31.48378,7.26,607,31270,35,2,2,0
2026-05-28 15:19:45,25.36,31.39797,7.19,604,31265,34,1,1,0
2026-05-28 15:20:46,25.30,31.373164,7.12,603,31265,33,2,2,0
2026-05-28 15:21:46,25.31,31.28542,7.09,602,31266,33,2,2,0
2026-05-28 15:22:46,25.25,31.26253,7.03,601,31303,32,1,1,0
2026-05-28 15:23:46,25.23,31.20341,6.98,601,31284,31,1,1,0
2026-05-28 15:24:46,25.17,31.193868,6.93,601,31266,31,0,0,0
2026-05-28 15:25:46,25.13,31.11949,6.85,599,31285,30,2,2,1
2026-05-28 15:26:46,25.14,31.03365,6.83,598,31292,29,1,1,0
2026-05-28 15:27:47,25.07,31.06799,6.78,598,31277,28,3,2,0
2026-05-28 15:28:47,25.03,31.201492,6.81,595,31297,28,0,0,0
2026-05-28 15:29:47,25.06,31.7184,7.07,593,31598,29,1,1,1
2026-05-28 15:30:47,25.13,31.52004,7.04,592,31272,29,3,1,0
2026-05-28 15:31:47,25.18,31.55436,7.10,591,31292,29,2,2,0
2026-05-28 15:32:47,25.22,31.63448,7.17,593,31263,29,2,1,0
2026-05-28 15:33:47,25.29,31.48189,7.16,594,31215,30,3,3,0
2026-05-28 15:34:47,25.37,31.468524,7.23,595,31252,30,1,1,0
2026-05-28 15:35:48,25.44,31.41132,7.26,595,31207,31,0,0,0
2026-05-28 15:36:48,25.51,31.350276,7.30,596,31250,33,3,2,0
2026-05-28 15:37:48,25.58,31.193868,7.29,596,31214,34,1,1,0
2026-05-28 15:38:48,25.65,31.193868,7.34,595,31210,35,2,2,0
2026-05-28 15:39:48,25.73,31.15383,7.40,596,31211,36,2,2,0
2026-05-28 15:40:48,25.80,31.12712,7.45,595,31210,37,1,1,0
2026-05-28 15:41:48,25.87,31.100408,7.49,595,31192,39,1,1,0
2026-05-28 15:42:48,25.94,31.08325,7.54,599,31192,39,1,0,0
2026-05-28 15:43:49,25.99,31.142376,7.62,599,31189,39,1,1,0
2026-05-28 15:44:49,26.06,31.100408,7.65,598,31200,40,3,3,0
2026-05-28 15:45:49,26.09,31.098508,7.68,599,31185,41,1,1,0
2026-05-28 15:46:49,26.14,31.235832,7.79,597,31131,43,1,1,0
2026-05-28 15:47:49,26.21,31.365532,7.91,597,31177,43,1,1,1
2026-05-28 15:48:49,26.23,31.36171,7.92,596,31171,44,2,2,0
2026-05-28 15:49:50,26.27,31.468524,8.01,599,31205,44,0,0,0
2026-05-28 15:50:50,26.30,31.42658,8.01,596,31173,46,2,1,0
2026-05-28 15:51:50,26.35,31.56962,8.13,595,31147,48,0,0,0
2026-05-28 15:52:50,26.38,31.73366,8.23,596,31151,51,2,2,1
2026-05-28 15:53:50,26.42,31.65926,8.23,595,31150,50,0,0,0
2026-05-28 15:54:50,26.42,32.88572,8.79,593,31113,52,0,0,0
2026-05-28 15:55:51,26.42,32.68924,8.70,593,31489,52,0,0,0
2026-05-28 15:56:51,26.36,32.51568,8.57,594,31139,52,0,0,0
2026-05-28 15:57:51,26.33,32.36692,8.48,592,31164,52,1,1,0
2026-05-28 15:58:51,26.23,32.29633,8.36,591,31183,52,1,1,0
2026-05-28 15:59:51,26.13,32.17998,8.22,589,31207,50,0,0,0
2026-05-28 16:00:51,26.06,32.14566,8.14,587,31478,49,1,1,0
2026-05-28 16:01:51,25.95,32.12467,8.03,586,31217,48,0,0,0
2026-05-28 16:02:51,25.92,32.03312,7.96,583,31219,47,2,2,0
2026-05-28 16:03:51,25.82,31.94348,7.84,582,31236,45,1,1,0
2026-05-28 16:04:51,25.74,31.916768,7.76,580,31199,43,3,3,0
2026-05-28 16:05:51,25.63,31.93394,7.67,578,31261,41,1,0,0
2026-05-28 16:06:52,25.60,31.851924,7.61,576,31248,39,2,1,0
2026-05-28 16:07:52,25.55,31.79659,7.53,573,31226,38,0,0,0
2026-05-28 16:08:52,25.44,31.75655,7.43,573,31370,37,1,1,0
2026-05-28 16:09:52,25.45,31.72985,7.42,572,31281,35,2,2,0
2026-05-28 16:10:52,25.43,31.63257,7.35,568,31259,34,0,0,0
2026-05-28 16:11:52,25.37,31.62685,7.30,565,31308,33,2,1,0
2026-05-28 16:12:52,25.32,31.550552,7.22,562,31275,32,1,0,0
2026-05-28 16:13:52,25.29,31.54673,7.20,564,31305,31,1,1,0
2026-05-28 16:14:52,25.29,31.459,7.15,563,31271,31,0,0,0
2026-05-28 16:15:52,25.33,31.26064,7.10,561,31299,30,0,0,0
2026-05-28 16:16:52,25.34,31.17098,7.07,560,31324,30,1,1,0
2026-05-28 16:17:52,25.29,31.15572,7.01,557,31306,30,0,0,0
2026-05-28 16:18:52,25.26,31.142376,6.98,556,31305,29,0,0,0
2026-05-28 16:19:52,25.16,31.07371,6.86,556,31315,29,2,1,0
2026-05-28 16:20:52,25.14,31.06608,6.84,555,31322,29,0,0,0
2026-05-28 16:21:52,25.10,31.079424,6.81,553,31334,28,1,1,0
2026-05-28 16:22:53,25.08,31.00313,6.76,552,31325,28,0,0,0
2026-05-28 16:23:53,25.06,30.9669,6.72,550,31325,27,0,0,0
2026-05-28 16:24:53,25.07,31.644,7.05,550,31303,27,1,1,0
2026-05-28 16:25:53,25.10,31.3846,6.96,550,31633,27,1,1,0
2026-05-28 16:26:53,25.14,31.37889,6.99,548,31314,27,3,2,0
2026-05-28 16:27:53,25.21,31.51241,7.11,549,31283,28,1,1,1
2026-05-28 16:28:53,25.29,31.44755,7.15,553,31304,28,2,2,1
2026-05-28 16:29:53,25.37,31.26827,7.13,550,31281,28,2,2,0
2026-05-28 16:30:53,25.51,31.201492,7.23,551,31266,29,1,1,0
2026-05-28 16:31:53,25.68,31.13094,7.34,552,31250,30,1,1,0
2026-05-28 16:32:54,25.80,31.272076,7.51,554,31242,33,1,1,0
2026-05-28 16:33:54,25.94,31.05463,7.53,554,31234,35,0,0,0
2026-05-28 16:34:54,26.07,30.80096,7.52,556,31226,36,1,1,0
2026-05-28 16:35:54,26.19,30.600668,7.53,555,31220,36,3,3,0
2026-05-28 16:36:54,26.31,30.41565,7.55,556,31217,38,3,3,0
2026-05-28 16:37:54,26.45,30.32601,7.62,554,31168,40,1,1,0
2026-05-28 16:38:54,26.56,30.26689,7.69,556,31187,42,1,1,0
2026-05-28 16:39:54,26.64,30.18868,7.72,557,31161,42,0,0,0
2026-05-28 16:40:54,26.78,30.27069,7.88,556,31190,45,0,0,0
2026-05-28 16:41:54,26.86,30.17725,7.91,555,31179,46,1,1,1
2026-05-28 16:42:54,26.97,30.167708,8.00,555,31181,48,2,2,1
2026-05-28 16:43:55,27.05,30.28023,8.12,557,31191,48,2,2,0
2026-05-28 16:44:55,27.09,30.26117,8.15,559,31156,49,0,0,0
2026-05-28 16:45:55,27.13,30.26689,8.19,556,31165,51,2,2,0
2026-05-28 16:46:55,27.19,30.34699,8.28,556,31141,52,2,1,0
2026-05-28 16:47:55,27.25,30.38134,8.34,556,31126,54,1,1,0
2026-05-28 16:48:55,27.26,30.507208,8.41,557,31136,54,1,1,1
2026-05-28 16:49:55,27.33,30.51294,8.47,557,31132,57,0,0,0
2026-05-28 16:50:55,27.28,31.89388,9.08,554,31158,58,1,1,0
2026-05-28 16:51:56,27.23,31.59822,8.91,554,31135,57,0,0,0
2026-05-28 16:52:56,27.20,31.55436,8.85,554,31165,57,2,2,1
2026-05-28 16:53:56,27.07,31.51813,8.73,552,31170,56,3,3,1
2026-05-28 16:54:56,26.96,31.42658,8.59,553,31215,56,0,0,0
2026-05-28 16:55:57,26.83,31.35219,8.44,548,31218,55,2,2,0
2026-05-28 16:56:57,26.77,31.24727,8.34,545,31219,53,1,0,0
2026-05-28 16:57:57,26.62,31.26635,8.22,546,31237,50,1,1,0
2026-05-28 16:58:57,26.52,31.1996,8.10,545,31246,48,2,2,1
2026-05-28 16:59:57,26.42,31.17289,8.00,544,31267,45,2,1,1
2026-05-28 17:00:57,26.34,31.13665,7.92,544,31284,43,1,1,0
2026-05-28 17:01:57,26.20,31.18243,7.82,542,31273,41,1,1,0
2026-05-28 17:02:57,26.12,31.17098,7.74,538,31290,40,0,0,0
2026-05-28 17:03:57,26.06,31.17289,7.69,535,31302,38,2,2,0
2026-05-28 17:04:57,26.00,31.11949,7.61,535,31276,37,0,0,0
2026-05-28 17:05:57,25.91,31.113768,7.53,532,31314,35,0,0,0
2026-05-28 17:06:57,25.84,31.05654,7.45,531,31312,33,2,2,0
2026-05-28 17:07:57,25.80,31.07562,7.42,531,31313,33,1,1,0
2026-05-28 17:08:57,25.73,30.93829,7.29,526,31314,32,1,1,0
2026-05-28 17:09:57,25.69,30.942092,7.26,527,31317,31,2,2,0
2026-05-28 17:10:58,25.62,30.9154,7.18,524,31300,31,2,1,0
2026-05-28 17:11:58,25.56,30.898232,7.13,525,31335,30,1,1,1
2026-05-28 17:12:58,25.49,30.98979,7.11,525,31317,30,0,0,0
2026-05-28 17:13:58,25.42,30.94019,7.03,523,31351,30,3,2,1
2026-05-28 17:14:58,25.42,30.86579,6.99,524,31352,30,3,3,1
2026-05-28 17:15:58,25.32,30.91158,6.92,524,31324,29,1,1,1
2026-05-28 17:16:58,25.29,30.8372,6.86,525,31361,28,2,1,0
2026-05-28 17:17:58,25.21,30.83527,6.79,525,30995,28,0,0,0
2026-05-28 17:18:58,25.18,30.82957,6.76,524,31363,27,2,2,0
2026-05-28 17:19:58,25.13,31.65163,7.11,525,31346,27,2,2,0
2026-05-28 17:20:58,25.15,31.39606,7.00,524,31360,27,1,1,0
2026-05-28 17:21:59,25.19,31.4056,7.04,522,31341,28,0,0,0
2026-05-28 17:22:59,25.21,31.59633,7.15,521,31325,28,1,1,0
2026-05-28 17:23:59,25.28,31.96446,7.38,521,31310,28,1,1,0
2026-05-28 17:24:59,25.39,32.07317,7.53,523,31289,29,1,0,0
2026-05-28 17:25:59,25.46,31.95683,7.53,525,31285,30,3,3,1
2026-05-28 17:26:59,25.54,32.2887,7.75,530,31263,31,1,1,1
2026-05-28 17:27:59,25.62,32.61869,7.97,542,31235,33,2,2,0
2026-05-28 17:29:00,25.71,32.31731,7.92,556,31231,34,3,3,1
2026-05-28 17:30:00,25.75,32.09988,7.85,560,31287,35,3,3,1
2026-05-28 17:31:00,25.77,32.7789,8.18,563,31167,36,1,1,1
2026-05-28 17:32:00,25.82,33.20234,8.41,602,31199,39,1,1,1
2026-05-28 17:33:00,25.89,32.93531,8.35,672,31156,53,1,1,0
2026-05-28 17:34:01,25.98,33.10888,8.51,673,31162,55,1,1,0
2026-05-28 17:35:01,25.99,33.38736,8.64,675,30839,57,0,0,0
2026-05-28 17:36:01,26.07,33.13368,8.60,698,31147,56,1,1,0
2026-05-28 17:37:01,26.16,33.50752,8.84,717,31141,57,0,0,0
2026-05-28 17:38:02,26.23,33.22522,8.77,722,31143,60,2,1,0
2026-05-28 17:39:02,26.24,33.14702,8.75,706,31115,63,1,1,0
2026-05-28 17:40:02,26.29,33.32061,8.87,699,31115,64,0,0,0
2026-05-28 17:41:02,26.33,33.99581,9.21,708,31095,65,1,0,0
2026-05-28 17:42:02,26.42,33.9138,9.25,695,31119,64,2,2,1
2026-05-28 17:43:02,26.49,33.59336,9.17,672,31132,63,3,2,0
2026-05-28 17:44:02,26.47,33.66393,9.18,669,31116,63,0,0,0
2026-05-28 17:45:03,26.43,33.41788,9.04,667,31154,63,1,1,0
2026-05-28 17:46:03,26.40,33.00398,8.83,672,31164,61,1,1,0
2026-05-28 17:47:03,26.34,32.96774,8.76,684,31188,62,1,1,0
2026-05-28 17:48:03,26.29,32.86664,8.67,686,31164,61,3,2,0
2026-05-28 17:49:03,26.17,33.08408,8.66,698,31192,60,1,0,0
2026-05-28 17:50:04,26.13,32.67398,8.45,715,31174,60,1,1,0
2026-05-28 17:51:04,26.09,32.58434,8.36,714,31189,59,2,2,0
2026-05-28 17:52:04,26.02,32.19524,8.13,716,31219,58,2,2,0
2026-05-28 17:53:04,26.04,32.11322,8.11,715,31201,57,4,3,0
2026-05-28 17:54:05,25.98,32.16472,8.08,714,31194,55,1,1,0
2026-05-28 17:55:05,25.91,31.994976,7.94,719,31213,53,1,1,0
2026-05-28 17:56:05,25.84,32.25056,8.00,733,31220,52,1,1,0
2026-05-28 17:57:05,25.80,32.22766,7.95,732,31207,51,0,0,0
2026-05-28 17:58:05,25.75,32.16472,7.88,733,31203,49,1,1,0
2026-05-28 17:59:05,25.65,32.01023,7.72,744,31235,48,0,0,0
2026-05-28 18:00:05,25.66,32.11322,7.78,748,31237,47,2,1,0
2026-05-28 18:01:06,25.60,32.08271,7.72,752,31223,46,1,1,0
2026-05-28 18:02:06,25.54,32.17044,7.70,761,31213,44,1,0,0
2026-05-28 18:03:06,25.61,31.67835,7.53,774,31239,44,1,1,0
2026-05-28 18:04:06,25.53,31.7737,7.51,780,31249,43,2,2,0
2026-05-28 18:05:06,25.49,31.542924,7.37,778,31263,43,2,2,0
2026-05-28 18:06:06,25.46,31.85955,7.49,783,31246,43,2,2,0
2026-05-28 18:07:06,25.45,31.65926,7.39,788,31251,43,1,0,0
2026-05-28 18:11:07,25.46,32.67018,7.86,805,31196,43,1,0,0
2026-05-28 18:12:07,25.52,32.7045,7.93,810,31191,43,2,2,0
2026-05-28 18:13:07,25.57,32.52714,7.89,818,31176,44,2,1,0
2026-05-28 18:14:07,25.62,32.4413,7.89,836,31176,46,2,2,1
2026-05-28 18:16:07,25.75,32.69117,8.12,817,31156,51,1,1,1
2026-05-28 18:17:07,25.81,32.68544,8.17,819,31136,53,2,2,1
2026-05-28 18:18:07,25.91,32.66446,8.24,825,31144,56,2,1,0
2026-05-28 18:19:08,25.99,32.87235,8.41,830,31090,62,1,1,0
2026-05-28 18:20:08,26.00,32.93912,8.45,845,31112,64,3,3,1
2026-05-28 18:21:08,26.10,33.04784,8.58,856,31146,64,2,2,0
2026-05-28 18:22:08,26.14,33.13558,8.66,868,31102,64,1,1,0
2026-05-28 18:23:08,26.23,32.27344,8.34,873,31144,62,2,1,0
2026-05-28 18:24:08,26.34,32.27154,8.44,822,30783,62,0,0,0
2026-05-28 18:25:09,26.33,32.37262,8.48,803,31132,61,1,1,0
2026-05-28 18:26:09,26.44,32.36881,8.58,795,31156,62,0,0,0
2026-05-28 18:27:09,26.47,32.34592,8.59,791,31138,61,2,1,0
2026-05-28 18:28:09,26.50,32.25437,8.58,789,31144,62,0,0,0
2026-05-28 18:29:10,26.38,33.45794,9.02,798,31099,63,2,2,0
2026-05-28 18:30:10,26.43,33.47892,9.07,862,31134,65,1,1,0
2026-05-28 18:31:10,26.47,33.70397,9.20,899,31122,71,1,0,0
2026-05-28 18:32:10,26.50,33.72306,9.23,908,31060,73,0,0,0
2026-05-28 18:33:10,26.53,33.85085,9.32,917,31089,76,3,2,1
2026-05-28 18:34:11,26.60,33.7097,9.32,914,31105,77,1,1,1
2026-05-28 18:35:11,26.63,33.87182,9.41,912,31064,78,2,2,0
2026-05-28 18:36:11,26.70,34.24948,9.64,918,31039,82,0,0,0
2026-05-28 18:37:11,26.74,33.95194,9.54,893,31078,78,2,2,0
2026-05-28 18:38:11,26.72,33.88137,9.50,891,31077,79,1,1,1
2026-05-28 18:39:11,26.66,33.5838,9.31,889,31072,77,0,0,0
2026-05-28 18:40:11,26.59,33.46936,9.20,888,31105,77,3,1,1
2026-05-28 18:41:12,26.58,33.0097,8.98,887,31110,76,0,0,0
2026-05-28 18:42:12,26.56,32.83612,8.90,884,31116,75,2,1,0
2026-05-28 18:43:12,26.51,32.68162,8.78,902,31155,74,2,1,0
2026-05-28 18:44:12,26.47,32.58244,8.70,899,31140,72,1,1,0
2026-05-28 18:45:13,26.42,32.5195,8.63,878,31131,69,1,1,0
2026-05-28 18:46:13,26.31,32.4413,8.50,897,31126,67,0,0,0
2026-05-28 18:47:13,26.31,32.28108,8.42,899,31142,67,1,1,0
2026-05-28 18:48:13,26.32,32.24674,8.41,897,31122,66,1,0,0
2026-05-28 18:49:13,26.31,32.159,8.36,893,31131,66,1,0,0
2026-05-28 18:50:13,26.25,32.365,8.41,889,31043,66,1,0,0
2026-05-28 18:51:13,26.19,31.680252,8.04,893,31131,66,1,1,0
2026-05-28 18:52:14,26.12,31.62111,7.95,888,31192,63,1,1,0
2026-05-28 18:53:15,26.06,31.50096,7.85,871,31173,58,0,0,0
2026-05-28 18:54:15,26.01,31.52004,7.81,866,31201,57,1,0,0
2026-05-28 18:55:15,25.98,31.420852,7.74,864,31212,54,1,1,1
2026-05-28 18:56:15,25.91,31.338824,7.64,857,31237,51,1,0,0
2026-05-28 18:57:15,25.87,31.36363,7.61,855,31236,48,1,0,0
2026-05-28 18:58:15,25.80,31.315936,7.53,849,31245,48,1,1,1
2026-05-28 18:59:15,25.74,31.272076,7.46,845,31231,46,3,2,0
2026-05-28 19:00:15,25.68,31.26635,7.40,845,31235,46,2,1,0
2026-05-28 19:01:16,25.65,31.2263,7.36,845,31252,44,1,1,0
2026-05-28 19:02:16,25.61,31.23012,7.32,845,31231,44,1,1,0
2026-05-28 19:03:16,25.56,31.19197,7.27,847,31237,44,0,0,0
2026-05-28 19:04:16,25.51,31.17289,7.21,850,31240,42,1,0,0
2026-05-28 19:05:16,25.47,31.13283,7.16,854,31242,43,1,0,0
2026-05-28 19:06:16,25.44,31.13094,7.13,855,31255,43,1,1,0
2026-05-28 19:07:16,25.41,31.36934,7.22,866,31218,44,0,0,0
2026-05-28 19:08:16,25.39,31.216752,7.13,877,31257,44,1,1,0
2026-05-28 19:09:16,25.38,32.00832,7.49,879,31214,44,1,1,0
2026-05-28 19:10:16,25.37,32.06172,7.50,881,31210,45,0,0,0
2026-05-28 19:11:17,25.42,32.16856,7.59,881,31149,45,1,1,0
2026-05-28 19:12:17,25.48,32.16472,7.65,884,31216,46,0,0,0
2026-05-28 19:13:17,25.60,32.1323,7.74,885,31151,47,0,0,0
2026-05-28 19:14:17,25.70,32.29062,7.90,888,31164,48,0,0,0
2026-05-28 19:15:17,25.79,32.67972,8.15,906,31122,52,0,0,0
2026-05-28 19:16:17,25.87,32.468,8.13,932,31116,59,1,0,0
2026-05-28 19:17:17,26.00,32.5233,8.26,940,31105,65,0,0,0
2026-05-28 19:18:17,26.08,32.87618,8.49,949,31100,68,1,1,0
2026-05-28 19:19:17,26.14,32.67591,8.45,987,31112,73,2,2,0
2026-05-28 19:20:18,26.24,32.49279,8.46,983,31095,71,2,2,0
2026-05-28 19:21:18,26.27,32.87618,8.66,983,31088,76,1,0,0
2026-05-28 19:22:18,26.35,32.50614,8.56,988,31087,73,2,2,0
2026-05-28 19:23:18,26.41,32.61295,8.66,980,31097,73,1,0,0
2026-05-28 19:24:18,26.47,32.53094,8.68,970,31013,74,1,0,0
2026-05-28 19:25:18,26.51,32.48136,8.69,965,31106,75,2,2,1
2026-05-28 19:26:18,26.58,32.53476,8.78,953,31080,78,0,0,0
2026-05-28 19:27:18,26.61,32.87235,8.95,953,31058,77,0,0,0
2026-05-28 19:28:18,26.66,32.79416,8.96,948,31039,83,2,1,0
2026-05-28 19:29:19,26.71,32.72932,8.98,945,31082,82,0,0,0
2026-05-28 19:30:19,26.71,33.27291,9.22,950,31030,88,1,1,0
2026-05-28 19:31:19,26.69,33.8413,9.46,973,31020,91,2,1,0
2026-05-28 19:32:19,26.74,34.03586,9.58,1033,30980,96,0,0,0
2026-05-28 19:33:19,26.79,34.11978,9.67,1080,30947,102,0,0,0
2026-05-28 19:34:19,26.88,34.04731,9.71,1138,30963,108,1,1,0
2026-05-28 19:35:19,26.91,33.77456,9.62,1120,30998,102,0,0,0
2026-05-28 19:36:19,26.97,33.6353,9.60,1034,31010,97,1,0,0
2026-05-28 19:37:19,26.93,33.21188,9.39,998,30960,97,0,0,0
2026-05-28 19:38:19,26.88,33.24048,9.35,989,31042,93,0,0,0
2026-05-28 19:39:20,26.86,32.77128,9.12,975,31059,92,0,0,0
2026-05-28 19:41:20,26.73,32.5233,8.90,957,31051,88,1,1,0
2026-05-28 19:42:20,26.64,32.15518,8.65,956,30672,80,0,0,0
2026-05-28 19:43:20,26.56,32.29252,8.65,945,31088,76,0,0,0
2026-05-28 19:44:20,26.46,32.16663,8.50,943,31142,75,0,0,0
2026-05-28 19:45:20,26.37,32.40886,8.53,944,31159,70,1,1,0
2026-05-28 19:46:21,26.33,32.51188,8.54,944,31125,68,1,0,0
2026-05-28 19:47:21,26.28,31.73748,8.14,949,31148,67,0,0,0
2026-05-28 19:48:21,26.24,31.62111,8.06,933,31150,63,1,0,0
2026-05-28 19:49:21,26.17,31.49333,7.94,915,31165,58,0,0,0
2026-05-28 19:50:21,26.06,31.53719,7.86,902,31189,57,0,0,0
2026-05-28 19:51:22,26.01,31.45518,7.78,889,31183,56,0,0,0
2026-05-28 19:52:22,25.95,31.6383,7.81,879,31187,54,0,0,0
2026-05-28 19:53:22,25.89,31.39606,7.65,877,31199,52,0,0,0
2026-05-28 19:54:22,25.92,31.29305,7.62,876,31190,51,1,1,0
2026-05-28 19:55:23,25.81,31.176716,7.48,877,31203,52,1,1,0
2026-05-28 19:56:23,25.83,31.42658,7.60,879,31197,51,0,0,0
2026-05-28 19:57:23,25.79,31.0966,7.42,878,31227,49,1,1,0
2026-05-28 19:58:24,25.70,31.13094,7.36,871,31253,50,1,1,0
2026-05-28 19:59:24,25.63,31.14428,7.30,866,31236,50,0,0,0
2026-05-28 20:00:25,25.60,31.0966,7.25,865,31244,48,1,1,0
2026-05-28 20:01:25,25.56,31.11757,7.23,862,31239,47,1,1,0
2026-05-28 20:02:25,25.52,31.121392,7.20,861,31231,46,0,0,0
2026-05-28 20:03:25,25.52,30.964984,7.12,863,31235,46,1,1,0
2026-05-28 20:04:25,25.49,31.00695,7.12,865,31241,46,0,0,0
2026-05-28 20:05:25,25.40,31.5353,7.29,863,31228,46,0,0,0
2026-05-28 20:06:25,25.44,31.78516,7.43,863,31215,46,0,0,0
2026-05-28 20:07:25,25.53,31.74318,7.49,860,31200,47,0,0,0
2026-05-28 20:08:26,25.60,31.96254,7.65,864,31181,48,0,0,0
2026-05-28 20:09:26,25.65,31.94157,7.69,872,31180,48,1,1,0
2026-05-28 20:10:26,25.71,31.83284,7.70,883,31164,49,0,0,0
2026-05-28 20:11:26,25.81,31.78133,7.75,891,31169,51,0,0,0
2026-05-28 20:12:26,25.84,31.768,7.77,909,31095,52,0,0,0
2026-05-28 20:13:26,25.92,31.72985,7.83,915,31144,55,0,0,0
2026-05-28 20:14:26,25.98,31.80042,7.91,913,31168,56,0,0,0
2026-05-28 20:15:26,26.09,32.24292,8.21,913,31121,58,1,0,0
2026-05-28 20:16:26,26.10,32.55002,8.36,931,31087,67,0,0,0
2026-05-28 20:17:26,26.18,32.40886,8.37,950,30843,80,1,1,0
2026-05-28 20:18:26,26.25,32.60723,8.52,961,31042,91,0,0,0
2026-05-28 20:19:27,26.31,32.6473,8.59,963,31056,84,0,0,0
2026-05-28 20:20:27,26.38,32.56908,8.61,964,31055,83,1,0,0
2026-05-28 20:21:27,26.46,32.92768,8.85,978,31043,87,1,0,0
2026-05-28 20:22:27,26.51,32.60152,8.75,999,31059,89,0,0,0
2026-05-28 20:23:27,26.56,32.65684,8.81,992,31427,90,2,0,0
2026-05-28 20:24:28,26.63,32.3154,8.71,977,31033,88,0,0,0
2026-05-28 20:25:28,26.67,32.52903,8.85,974,31046,91,0,0,0
2026-05-28 20:26:28,26.71,32.47945,8.86,974,31052,88,1,0,0
2026-05-28 20:27:29,26.75,32.64158,8.97,977,31039,86,0,0,0
2026-05-28 20:28:29,26.77,32.87428,9.09,971,30979,94,0,0,0
2026-05-28 20:29:29,26.83,32.66065,9.05,973,31037,95,0,0,0
2026-05-28 20:30:29,26.87,32.4699,9.00,978,31059,90,0,0,0
2026-05-28 20:31:29,26.89,32.92768,9.22,979,31029,90,0,0,0
2026-05-28 20:32:29,26.96,32.75984,9.20,986,31023,90,0,0,0
2026-05-28 20:33:29,27.00,32.8285,9.27,986,30990,94,0,0,0
2026-05-28 20:34:29,27.04,32.93912,9.36,990,30980,100,1,1,0
2026-05-28 20:35:29,27.04,33.61052,9.66,993,30942,112,0,0,0
2026-05-28 20:36:30,27.04,33.3492,9.54,994,31012,103,2,0,0
2026-05-28 20:37:30,27.02,33.07073,9.40,998,31025,100,0,0,0
2026-05-28 20:38:30,26.95,33.09934,9.36,998,31050,99,0,0,0
2026-05-28 20:39:30,26.88,32.5176,9.03,1006,31052,98,0,0,0
2026-05-28 20:40:30,26.74,32.42984,8.86,1005,31058,96,0,0,0
2026-05-28 20:41:30,26.66,32.35355,8.76,995,31050,94,0,0,0
2026-05-28 20:42:30,26.64,32.33066,8.73,986,31065,93,0,0,0
2026-05-28 20:43:31,26.56,32.23148,8.62,989,31067,90,2,2,0
2026-05-28 20:44:31,26.48,32.03312,8.46,989,31094,87,0,0,0
2026-05-28 20:45:31,26.38,31.85762,8.29,976,31111,81,1,1,0
2026-05-28 20:46:31,26.31,32.69117,8.60,976,31019,79,0,0,0
2026-05-28 20:47:32,26.23,31.86145,8.16,1020,31049,80,0,0,0
2026-05-28 20:48:32,26.25,31.80805,8.15,1012,31064,80,1,1,0
2026-05-28 20:49:32,26.16,31.836668,8.09,1020,31047,79,1,1,0
2026-05-28 20:50:32,26.12,32.06745,8.16,1018,31111,79,2,1,1
2026-05-28 20:51:32,26.10,31.36171,7.81,1018,31078,77,1,1,0
2026-05-28 20:52:32,26.08,31.50096,7.86,1001,31110,76,0,0,0
2026-05-28 20:53:33,26.00,31.4056,7.75,989,31119,73,0,0,0
2026-05-28 20:54:33,25.94,31.373164,7.68,982,31090,73,0,0,0
2026-05-28 20:55:33,25.81,31.19197,7.48,981,31117,73,1,0,0
2026-05-28 20:56:33,25.84,31.15191,7.49,971,31062,71,0,0,0
2026-05-28 20:57:33,25.76,31.50478,7.59,957,30742,70,1,1,0
2026-05-28 20:58:33,25.74,31.35408,7.50,965,31122,68,2,1,0
2026-05-28 20:59:33,25.72,31.08134,7.35,967,31134,66,0,0,0
2026-05-28 21:00:33,25.68,31.06226,7.30,967,31133,62,0,0,0
2026-05-28 21:01:34,25.61,32.17618,7.76,969,31106,64,1,1,0
